"Date","Discharge","BOD","TSS","OG","pH","Phenols","COD","Source"
2015-07-01,NA,NA,NA,1,7,0.01,55,"WWTP-1"
2015-07-02,NA,NA,NA,1.3,7,0.04,58,"WWTP-1"
2015-07-03,NA,NA,NA,4,7,0.05,45,"WWTP-1"
2015-07-04,NA,NA,NA,1.3,7,0.02,55,"WWTP-1"
2015-07-05,NA,NA,NA,NA,7,0.03,60,"WWTP-1"
2015-07-06,NA,12,28,2.7,7,0.03,58,"WWTP-1"
2015-07-07,NA,NA,NA,1.3,7,0.04,54,"WWTP-1"
2015-07-08,NA,NA,NA,2.7,7,0.01,45,"WWTP-1"
2015-07-09,NA,NA,NA,1.3,7,0.05,60,"WWTP-1"
2015-07-10,NA,NA,NA,4,6,0.05,53,"WWTP-1"
2015-07-11,NA,NA,NA,4.3,6,0.03,57,"WWTP-1"
2015-07-12,NA,NA,NA,4,7,0.02,60,"WWTP-1"
2015-07-13,NA,26,47,5,6,0.05,55,"WWTP-1"
2015-07-14,NA,NA,NA,1.8,6,0.01,59,"WWTP-1"
2015-07-15,NA,NA,NA,2.6,7,0.02,52,"WWTP-1"
2015-07-16,NA,NA,NA,2.6,7,0.04,45,"WWTP-1"
2015-07-17,NA,NA,NA,3.3,7,0.04,58,"WWTP-1"
2015-07-18,NA,NA,NA,3,7,0.04,57,"WWTP-1"
2015-07-19,NA,NA,NA,2,7,0.02,51,"WWTP-1"
2015-07-20,NA,16,36,1.3,7,0.02,52,"WWTP-1"
2015-07-21,NA,NA,NA,2.7,7,0.04,53,"WWTP-1"
2015-07-22,NA,NA,NA,2.7,7,0.05,37,"WWTP-1"
2015-07-23,NA,NA,NA,5,7,0.01,46,"WWTP-1"
2015-07-24,NA,NA,NA,5,7,0.01,44,"WWTP-1"
2015-07-25,NA,NA,NA,5,7,0.03,60,"WWTP-1"
2015-07-26,NA,NA,NA,4,7,0.05,58,"WWTP-1"
2015-07-27,NA,12,50,1.3,7,0.04,53,"WWTP-1"
2015-07-29,NA,NA,NA,2.7,8,0.01,45,"WWTP-1"
2015-07-30,NA,NA,NA,3,7,0.05,37,"WWTP-1"
2015-07-31,NA,NA,NA,2.7,7,0.04,44,"WWTP-1"
2015-08-01,NA,NA,NA,2.7,7,0.01,45,"WWTP-1"
2015-08-02,NA,NA,NA,NA,7,0.04,52,"WWTP-1"
2015-08-03,NA,10,21,1.3,7,0.03,36,"WWTP-1"
2015-08-04,NA,NA,NA,1.3,7,0.02,20,"WWTP-1"
2015-08-05,NA,NA,NA,1.3,7,0.02,30,"WWTP-1"
2015-08-06,NA,NA,NA,1.3,7,0.03,31,"WWTP-1"
2015-08-07,NA,NA,NA,1.3,7,0.01,43,"WWTP-1"
2015-08-09,NA,NA,NA,3.8,7,0.05,58,"WWTP-1"
2015-08-10,NA,10,40,1.3,6,0.04,49,"WWTP-1"
2015-08-11,NA,NA,NA,2.7,6,0.04,20,"WWTP-1"
2015-08-12,NA,NA,NA,1.3,7,0.05,24,"WWTP-1"
2015-08-13,NA,NA,NA,1.3,6,0.05,60,"WWTP-1"
2015-08-14,NA,NA,NA,1.3,6,0.01,56,"WWTP-1"
2015-08-15,NA,NA,NA,1.3,7,0.03,60,"WWTP-1"
2015-08-16,NA,NA,NA,1.3,7,0.04,54,"WWTP-1"
2015-08-17,NA,19,15,NA,7,0.02,49,"WWTP-1"
2015-08-18,NA,NA,NA,2.7,7,0.03,44,"WWTP-1"
2015-08-19,NA,NA,NA,NA,7,0.04,54,"WWTP-1"
2015-08-20,NA,NA,NA,1.3,7,0.02,59,"WWTP-1"
2015-08-21,NA,NA,NA,1.3,7,0.05,51,"WWTP-1"
2015-08-22,NA,NA,NA,NA,7,0.05,12,"WWTP-1"
2015-08-23,NA,NA,NA,1.3,7,0.01,29,"WWTP-1"
2015-08-24,NA,5,49,2.7,7,0.03,46,"WWTP-1"
2015-08-25,NA,NA,NA,NA,7,0.02,44,"WWTP-1"
2015-08-26,NA,NA,NA,1.3,7,0.02,40,"WWTP-1"
2015-08-27,NA,NA,NA,NA,7,0.02,59,"WWTP-1"
2015-08-28,NA,NA,NA,1.3,7,0.02,53,"WWTP-1"
2015-08-29,NA,NA,NA,NA,8,0.01,33,"WWTP-1"
2015-08-30,NA,NA,NA,NA,7,0.05,38,"WWTP-1"
2015-08-31,NA,NA,NA,NA,7,0.02,19,"WWTP-1"
2015-09-01,NA,NA,NA,NA,7,0.05,40,"WWTP-1"
2015-09-02,NA,NA,NA,1.3,7,0.04,48,"WWTP-1"
2015-09-03,NA,NA,NA,1.3,7,0.05,31,"WWTP-1"
2015-09-04,NA,NA,NA,2.7,7,0.03,52,"WWTP-1"
2015-09-05,NA,NA,NA,NA,7,0.03,48,"WWTP-1"
2015-09-06,NA,NA,NA,NA,7,0.04,51,"WWTP-1"
2015-09-07,NA,25,38,1.3,7,0.01,48,"WWTP-1"
2015-09-08,NA,NA,NA,NA,7,0.01,58,"WWTP-1"
2015-09-09,NA,NA,NA,NA,7,0.03,60,"WWTP-1"
2015-09-10,NA,NA,NA,NA,6,0.04,57,"WWTP-1"
2015-09-11,NA,NA,NA,1.3,6,0.04,42,"WWTP-1"
2015-09-12,NA,NA,NA,4,7,0.04,54,"WWTP-1"
2015-09-13,NA,NA,NA,NA,6,0.05,46,"WWTP-1"
2015-09-14,NA,30,33,1.3,6,0.05,58,"WWTP-1"
2015-09-15,NA,NA,NA,NA,7,0.04,59,"WWTP-1"
2015-09-16,NA,NA,NA,1.3,7,0.03,57,"WWTP-1"
2015-09-17,NA,NA,NA,NA,7,0.02,56,"WWTP-1"
2015-09-18,NA,NA,NA,1.3,7,0.05,46,"WWTP-1"
2015-09-19,NA,NA,NA,1.3,7,0.05,44,"WWTP-1"
2015-09-20,NA,NA,NA,NA,7,0.03,49,"WWTP-1"
2015-09-21,NA,17,11,NA,7,0.05,38,"WWTP-1"
2015-09-22,NA,NA,NA,NA,7,0.05,40,"WWTP-1"
2015-09-23,NA,NA,NA,NA,7,0.02,46,"WWTP-1"
2015-09-24,NA,NA,NA,NA,7,0.02,16,"WWTP-1"
2015-09-25,NA,NA,NA,1.3,7,0.02,31,"WWTP-1"
2015-09-26,NA,NA,NA,NA,7,0.04,44,"WWTP-1"
2015-09-27,NA,NA,NA,NA,7,0.02,52,"WWTP-1"
2015-09-28,NA,17,10,NA,7,0.02,47,"WWTP-1"
2015-09-29,NA,NA,NA,NA,8,0.01,32,"WWTP-1"
2015-09-30,NA,NA,NA,1.3,7,0.04,50,"WWTP-1"
2015-10-01,NA,NA,NA,0,8,0.01,55,"WWTP-1"
2015-10-02,NA,NA,NA,0,7,0.01,60,"WWTP-1"
2015-10-03,NA,NA,NA,1.33,7,0.02,45,"WWTP-1"
2015-10-04,NA,NA,NA,2,7,0.03,43,"WWTP-1"
2015-10-05,NA,20,25,1.33,7,0.01,33,"WWTP-1"
2015-10-06,NA,NA,NA,1.33,7,0.01,30,"WWTP-1"
2015-10-07,NA,NA,NA,1.33,8,0.04,46,"WWTP-1"
2015-10-08,NA,NA,NA,1.33,7,0.02,36,"WWTP-1"
2015-10-09,NA,NA,NA,1.33,8,0.04,37,"WWTP-1"
2015-10-10,NA,NA,NA,1.33,7,0.03,39,"WWTP-1"
2015-10-11,NA,NA,NA,2,7,0.04,36,"WWTP-1"
2015-10-12,NA,26,17,1.33,7,0.01,49,"WWTP-1"
2015-10-13,NA,NA,NA,1.33,7,0.01,42,"WWTP-1"
2015-10-14,NA,NA,NA,2.66,7,0.01,43,"WWTP-1"
2015-10-15,NA,NA,NA,2.66,7,0.02,59,"WWTP-1"
2015-10-16,NA,NA,NA,2.66,7,0.04,54,"WWTP-1"
2015-10-17,NA,NA,NA,4,8,0.03,53,"WWTP-1"
2015-10-18,NA,NA,NA,1.33,8,0.02,57,"WWTP-1"
2015-10-19,NA,NA,NA,1.33,7,0.05,43,"WWTP-1"
2015-10-20,NA,6,25,1.33,7,0.02,28,"WWTP-1"
2015-10-21,NA,NA,NA,2.66,7,0.02,36,"WWTP-1"
2015-10-22,NA,NA,NA,1.33,7,0.02,47,"WWTP-1"
2015-10-23,NA,NA,NA,1.33,7,0.02,40,"WWTP-1"
2015-10-24,NA,NA,NA,1.33,7,0.03,29,"WWTP-1"
2015-10-25,NA,NA,NA,1.33,7,0.04,33,"WWTP-1"
2015-10-26,NA,16,33,1.33,7,0.04,55,"WWTP-1"
2015-10-27,NA,NA,NA,1.33,7,0.02,24,"WWTP-1"
2015-10-28,NA,NA,NA,1.33,8,0.02,39,"WWTP-1"
2015-10-29,NA,NA,NA,1.33,7,0.01,52,"WWTP-1"
2015-10-30,NA,NA,NA,1.33,8,0.01,57,"WWTP-1"
2015-10-31,NA,NA,NA,1.33,7,0.01,52,"WWTP-1"
2015-11-01,NA,NA,NA,1.33,7,0.05,51,"WWTP-1"
2015-11-02,NA,26,17,1.33,7,0.01,31,"WWTP-1"
2015-11-03,NA,NA,NA,1.33,7,0.02,50,"WWTP-1"
2015-11-04,NA,NA,NA,1.33,7,0.01,46,"WWTP-1"
2015-11-05,NA,NA,NA,1.33,7,0.04,36,"WWTP-1"
2015-11-06,NA,NA,NA,1.33,7,0.01,37,"WWTP-1"
2015-11-07,NA,NA,NA,1.33,7,0.03,35,"WWTP-1"
2015-11-08,NA,NA,NA,2.66,7,0.04,46,"WWTP-1"
2015-11-09,NA,9,36,1.33,7,0.01,51,"WWTP-1"
2015-11-10,NA,NA,NA,1.33,7,0.01,50,"WWTP-1"
2015-11-11,NA,NA,NA,2.66,7,0.01,32,"WWTP-1"
2015-11-12,NA,NA,NA,1.33,7,0.03,35,"WWTP-1"
2015-11-13,NA,NA,NA,1.33,7,0.04,28,"WWTP-1"
2015-11-14,NA,NA,NA,1.33,7,0.04,24,"WWTP-1"
2015-11-15,NA,NA,NA,1.33,7,0.02,29,"WWTP-1"
2015-11-16,NA,20,24,1.33,7,0.02,29,"WWTP-1"
2015-11-17,NA,NA,NA,1.33,7,0.02,38,"WWTP-1"
2015-11-18,NA,NA,NA,1.33,7,0.04,37,"WWTP-1"
2015-11-19,NA,NA,NA,1.33,7,0.04,35,"WWTP-1"
2015-11-20,NA,NA,NA,1.33,7,0.01,36,"WWTP-1"
2015-11-21,NA,NA,NA,1.33,7,0.01,30,"WWTP-1"
2015-11-22,NA,NA,NA,1.33,7,0.01,32,"WWTP-1"
2015-11-23,NA,16,50,1.33,7,0.01,42,"WWTP-1"
2015-11-24,NA,NA,NA,1.33,7,0.02,45,"WWTP-1"
2015-11-25,NA,NA,NA,1.33,7,0.01,44,"WWTP-1"
2015-11-26,NA,NA,NA,1.33,7,0.01,22,"WWTP-1"
2015-11-27,NA,NA,NA,1.33,7,0.03,34,"WWTP-1"
2015-11-28,NA,NA,NA,1.33,7,0.02,29,"WWTP-1"
2015-11-29,NA,NA,NA,1.33,7,0.02,36,"WWTP-1"
2015-11-30,NA,NA,NA,1.33,7,0.01,27,"WWTP-1"
2015-12-01,NA,10,21,2,7,0.01,19,"WWTP-1"
2015-12-02,NA,NA,NA,1.33,7,0.01,21,"WWTP-1"
2015-12-03,NA,NA,NA,1.33,7,0.01,27,"WWTP-1"
2015-12-04,NA,NA,NA,1.33,7,0.01,28,"WWTP-1"
2015-12-05,NA,NA,NA,1.33,7,0.01,21,"WWTP-1"
2015-12-06,NA,NA,NA,1.33,7,0.01,24,"WWTP-1"
2015-12-07,NA,19,23,1.33,7,0.01,26,"WWTP-1"
2015-12-08,NA,NA,NA,1.33,7,0.01,16,"WWTP-1"
2015-12-09,NA,NA,NA,1.33,7,0.01,26,"WWTP-1"
2015-12-10,NA,NA,NA,1.33,7,0.01,31,"WWTP-1"
2015-12-11,NA,NA,NA,1.33,7,0.01,25,"WWTP-1"
2015-12-12,NA,NA,NA,1.33,7,0.01,23,"WWTP-1"
2015-12-13,NA,NA,NA,2,7,0.01,35,"WWTP-1"
2015-12-14,NA,11,23,3,7,0.01,27,"WWTP-1"
2015-12-15,NA,NA,NA,1.33,7,0.01,24,"WWTP-1"
2015-12-16,NA,NA,NA,1.33,7,0.01,44,"WWTP-1"
2015-12-17,NA,NA,NA,1.33,7,0.01,36,"WWTP-1"
2015-12-18,NA,NA,NA,1.33,7,0.01,21,"WWTP-1"
2015-12-19,NA,NA,NA,1.33,7,0.01,22,"WWTP-1"
2015-12-20,NA,NA,NA,1.33,7,0.01,40,"WWTP-1"
2015-12-21,NA,4,28,1.33,7,0.01,24,"WWTP-1"
2015-12-22,NA,NA,NA,1.33,7,0.01,31,"WWTP-1"
2015-12-23,NA,NA,NA,3,7,0.01,27,"WWTP-1"
2015-12-24,NA,NA,NA,2,7,0.01,25,"WWTP-1"
2015-12-25,NA,NA,NA,1.33,7,0.01,40,"WWTP-1"
2015-12-26,NA,NA,NA,1.33,7,0.01,39,"WWTP-1"
2015-12-27,NA,NA,NA,1.33,7,0.01,57,"WWTP-1"
2015-12-28,NA,NA,NA,1.33,7,0.01,39,"WWTP-1"
2015-12-29,NA,NA,NA,1.33,7,0.01,26,"WWTP-1"
2015-12-30,NA,NA,NA,1.33,7,0.01,24,"WWTP-1"
2015-12-31,NA,NA,NA,1.33,7,0.01,47,"WWTP-1"
2016-01-01,NA,NA,NA,1.33,7,0.02,38,"WWTP-1"
2016-01-02,NA,NA,NA,1.33,7,0.01,38,"WWTP-1"
2016-01-03,NA,NA,NA,0,7,0.03,27,"WWTP-1"
2016-01-04,NA,5,17,1.33,7,0.03,49,"WWTP-1"
2016-01-05,NA,NA,NA,1.33,7,0.01,54,"WWTP-1"
2016-01-06,NA,NA,NA,1.33,7,0.04,58,"WWTP-1"
2016-01-07,NA,NA,NA,1.33,7,0.05,42,"WWTP-1"
2016-01-08,NA,NA,NA,1.33,7,0.02,39,"WWTP-1"
2016-01-09,NA,NA,NA,1.33,7,0.04,21,"WWTP-1"
2016-01-10,NA,NA,NA,0,7,0.02,35,"WWTP-1"
2016-01-11,NA,15,12,1.33,7,0.04,38,"WWTP-1"
2016-01-12,NA,NA,NA,1.33,7,0.02,27,"WWTP-1"
2016-01-13,NA,NA,NA,1.33,7,0.02,33,"WWTP-1"
2016-01-14,NA,NA,NA,1.33,7,0.01,27,"WWTP-1"
2016-01-15,NA,NA,NA,1.33,7,0.02,26,"WWTP-1"
2016-01-16,NA,NA,NA,1.33,7,0.04,21,"WWTP-1"
2016-01-17,NA,NA,NA,0,7,0.03,26,"WWTP-1"
2016-01-18,NA,9,37,1.33,7,0.02,28,"WWTP-1"
2016-01-19,NA,NA,NA,1.33,7,0.05,45,"WWTP-1"
2016-01-20,NA,NA,NA,1.33,7,0.02,19,"WWTP-1"
2016-01-21,NA,NA,NA,1.33,7,0.01,18,"WWTP-1"
2016-01-22,NA,NA,NA,1.33,7,0.02,18,"WWTP-1"
2016-01-23,NA,NA,NA,1.33,7,0.02,48,"WWTP-1"
2016-01-24,NA,NA,NA,0,7,0.03,24,"WWTP-1"
2016-01-25,NA,23,8,1.33,7,0.04,31,"WWTP-1"
2016-01-26,NA,NA,NA,1.33,7,0.04,48,"WWTP-1"
2016-01-27,NA,NA,NA,1.33,7,0.04,27,"WWTP-1"
2016-01-28,NA,NA,NA,1.33,7,0.02,15,"WWTP-1"
2016-01-29,NA,NA,NA,1.33,7,0.02,14,"WWTP-1"
2016-01-30,NA,NA,NA,1.33,7,0.01,28,"WWTP-1"
2016-01-31,NA,NA,NA,0,8,0.05,53,"WWTP-1"
2016-02-01,NA,23,24,1.33,7,0.05,34,"WWTP-1"
2016-02-02,NA,NA,NA,1.33,7,0.03,28,"WWTP-1"
2016-02-03,NA,NA,NA,1.33,7,0.01,26,"WWTP-1"
2016-02-04,NA,NA,NA,1.33,7,0.01,19,"WWTP-1"
2016-02-05,NA,NA,NA,1,7,0.01,47,"WWTP-1"
2016-02-06,NA,NA,NA,1,7,0.01,48,"WWTP-1"
2016-02-07,NA,NA,NA,1.33,7,0.04,38,"WWTP-1"
2016-02-08,NA,NA,NA,2.66,7,0.01,58,"WWTP-1"
2016-02-09,NA,22,30,1.33,7,0.03,53,"WWTP-1"
2016-02-10,NA,NA,NA,1.33,7,0.02,53,"WWTP-1"
2016-02-11,NA,NA,NA,1,7,0.01,56,"WWTP-1"
2016-02-12,NA,NA,NA,0,7,0.05,45,"WWTP-1"
2016-02-13,NA,NA,NA,1.33,7,0.01,48,"WWTP-1"
2016-02-14,NA,NA,NA,0,7,0.03,42,"WWTP-1"
2016-02-15,NA,22,25,0,7,0.04,47,"WWTP-1"
2016-02-16,NA,NA,NA,1.33,7,0.02,51,"WWTP-1"
2016-02-17,NA,NA,NA,0,7,0.02,45,"WWTP-1"
2016-02-18,NA,NA,NA,1.33,7,0.02,50,"WWTP-1"
2016-02-19,NA,NA,NA,1.33,7,0.02,54,"WWTP-1"
2016-02-20,NA,NA,NA,0,7,0.04,55,"WWTP-1"
2016-02-21,NA,NA,NA,1.33,7,0.04,57,"WWTP-1"
2016-02-22,NA,20,37,1.33,7,0.01,59,"WWTP-1"
2016-02-23,NA,NA,NA,1.33,7,0.01,56,"WWTP-1"
2016-02-24,NA,NA,NA,0,7,0.01,58,"WWTP-1"
2016-02-25,NA,NA,NA,0,7,0.01,57,"WWTP-1"
2016-02-26,NA,NA,NA,0,7,0.02,40,"WWTP-1"
2016-02-27,NA,NA,NA,0,7,0.01,26,"WWTP-1"
2016-02-28,NA,NA,NA,0,7,0.01,32,"WWTP-1"
2016-02-29,NA,NA,NA,0,7,0.03,52,"WWTP-1"
2016-03-01,NA,NA,NA,0,7,0.01,23,"WWTP-1"
2016-03-02,NA,NA,NA,0,7,0.03,32,"WWTP-1"
2016-03-03,NA,NA,NA,1.33,7,0.01,35,"WWTP-1"
2016-03-04,NA,NA,NA,1.33,7,0.04,38,"WWTP-1"
2016-03-05,NA,NA,NA,1.33,7,0.01,52,"WWTP-1"
2016-03-06,NA,NA,NA,0,7,0.02,56,"WWTP-1"
2016-03-07,NA,25,28,1.33,7,0.01,60,"WWTP-1"
2016-03-08,NA,NA,NA,0,7,0.01,53,"WWTP-1"
2016-03-09,NA,NA,NA,0,7,0.01,41,"WWTP-1"
2016-03-10,NA,NA,NA,0,7,0.05,33,"WWTP-1"
2016-03-11,NA,NA,NA,0,7,0.01,10,"WWTP-1"
2016-03-12,NA,NA,NA,0,7,0.01,35,"WWTP-1"
2016-03-13,NA,NA,NA,0,7,0.02,41,"WWTP-1"
2016-03-14,NA,28,11,1.33,7,0.02,59,"WWTP-1"
2016-03-15,NA,NA,NA,0,7,0.01,56,"WWTP-1"
2016-03-16,NA,NA,NA,0,7,0.01,58,"WWTP-1"
2016-03-17,NA,NA,NA,1.33,7,0.03,49,"WWTP-1"
2016-03-18,NA,NA,NA,0,7,0.01,32,"WWTP-1"
2016-03-19,NA,NA,NA,0,7,0.01,30,"WWTP-1"
2016-03-20,NA,NA,NA,0,7,0.02,21,"WWTP-1"
2016-03-21,NA,14,45,0,7,0.01,17,"WWTP-1"
2016-03-22,NA,NA,NA,0,7,0.05,43,"WWTP-1"
2016-03-23,NA,NA,NA,0,7,0.01,38,"WWTP-1"
2016-03-24,NA,NA,NA,0,7,0.03,32,"WWTP-1"
2016-03-25,NA,NA,NA,0,7,0.01,27,"WWTP-1"
2016-03-26,NA,NA,NA,1.33,7,0.02,41,"WWTP-1"
2016-03-27,NA,NA,NA,1,7,0.05,45,"WWTP-1"
2016-03-28,NA,9,12,0,7,0.01,25,"WWTP-1"
2016-03-29,NA,NA,NA,1.33,7,0.01,27,"WWTP-1"
2016-03-30,NA,NA,NA,0,7,0.02,30,"WWTP-1"
2016-03-31,NA,NA,NA,0,7,0.01,26,"WWTP-1"
2016-04-01,NA,NA,NA,NA,7,0.01,37,"WWTP-1"
2016-04-02,NA,NA,NA,1.33,7,0.01,29,"WWTP-1"
2016-04-03,NA,NA,NA,1.33,7,0.02,36,"WWTP-1"
2016-04-04,NA,23,21,1.33,7,0.04,55,"WWTP-1"
2016-04-05,NA,NA,NA,1.33,7,0.03,50,"WWTP-1"
2016-04-06,NA,NA,NA,1.33,7,0.01,48,"WWTP-1"
2016-04-07,NA,NA,NA,NA,7,0.01,54,"WWTP-1"
2016-04-08,NA,NA,NA,1.33,7,0.02,57,"WWTP-1"
2016-04-09,NA,NA,NA,NA,7,0.01,26,"WWTP-1"
2016-04-10,NA,NA,NA,NA,7,0.04,34,"WWTP-1"
2016-04-11,NA,16,33,1.33,7,0.03,22,"WWTP-1"
2016-04-12,NA,NA,NA,NA,7,0.01,43,"WWTP-1"
2016-04-13,NA,NA,NA,1.33,7,0.05,53,"WWTP-1"
2016-04-14,NA,NA,NA,1.33,7,0.02,50,"WWTP-1"
2016-04-15,NA,NA,NA,NA,7,0.01,51,"WWTP-1"
2016-04-16,NA,NA,NA,1,7,0.02,53,"WWTP-1"
2016-04-17,NA,NA,NA,2.66,7,0.04,50,"WWTP-1"
2016-04-18,NA,26,35,1.33,7,0.04,55,"WWTP-1"
2016-04-19,NA,NA,NA,2.66,7,0.05,58,"WWTP-1"
2016-04-20,NA,NA,NA,2.66,7,0.04,60,"WWTP-1"
2016-04-21,NA,NA,NA,NA,7,0.01,49,"WWTP-1"
2016-04-22,NA,NA,NA,1.33,7,0.01,48,"WWTP-1"
2016-04-23,NA,NA,NA,1.33,7,0.02,50,"WWTP-1"
2016-04-24,NA,NA,NA,NA,7,0.01,56,"WWTP-1"
2016-04-25,NA,92,60,2.66,7,0.04,60,"WWTP-1"
2016-04-26,NA,NA,NA,1.33,7,0.02,58,"WWTP-1"
2016-04-27,NA,NA,NA,NA,7,0.01,47,"WWTP-1"
2016-04-28,NA,NA,NA,1.33,7,0.02,55,"WWTP-1"
2016-04-29,NA,NA,NA,1.33,7,0.01,50,"WWTP-1"
2016-04-30,NA,NA,NA,2.66,7,0.01,58,"WWTP-1"
2016-05-01,NA,NA,NA,NA,7,0.03,60,"WWTP-1"
2016-05-02,NA,28,55,1.33,7,0.02,51,"WWTP-1"
2016-05-03,NA,NA,NA,NA,7,0.01,47,"WWTP-1"
2016-05-04,NA,NA,NA,NA,7,0.01,38,"WWTP-1"
2016-05-05,NA,NA,NA,NA,7,0.01,37,"WWTP-1"
2016-05-06,NA,NA,NA,NA,7,0.02,29,"WWTP-1"
2016-05-07,NA,NA,NA,NA,7,0.01,24,"WWTP-1"
2016-05-08,NA,NA,NA,NA,7,0.01,28,"WWTP-1"
2016-05-09,NA,NA,NA,1.33,7,0.01,20,"WWTP-1"
2016-05-10,NA,NA,NA,NA,7,0.04,24,"WWTP-1"
2016-05-11,NA,NA,NA,NA,7,0.03,23,"WWTP-1"
2016-05-12,NA,NA,NA,1.33,7,0.01,35,"WWTP-1"
2016-05-13,NA,NA,NA,1.33,7,0.03,55,"WWTP-1"
2016-05-14,NA,NA,NA,NA,7,0.02,59,"WWTP-1"
2016-05-15,NA,NA,NA,NA,7,0.01,60,"WWTP-1"
2016-05-16,NA,18,44,2.66,7,0.02,60,"WWTP-1"
2016-05-17,NA,NA,NA,2.66,7,0.04,60,"WWTP-1"
2016-05-18,NA,NA,NA,2.66,7,0.05,60,"WWTP-1"
2016-05-19,NA,NA,NA,1.33,7,0.02,60,"WWTP-1"
2016-05-20,NA,NA,NA,1.33,8,0.04,57,"WWTP-1"
2016-05-21,NA,NA,NA,2.66,7,0.01,47,"WWTP-1"
2016-05-22,NA,NA,NA,NA,7,0.04,55,"WWTP-1"
2016-05-23,NA,24,35,1.33,7,0.02,56,"WWTP-1"
2016-05-24,NA,NA,NA,1.33,8,0.03,50,"WWTP-1"
2016-05-25,NA,NA,NA,NA,7,0.04,57,"WWTP-1"
2016-05-26,NA,NA,NA,NA,7,0.02,56,"WWTP-1"
2016-05-27,NA,NA,NA,1.33,7,0.03,59,"WWTP-1"
2016-05-28,NA,NA,NA,NA,8,0.01,58,"WWTP-1"
2016-05-29,NA,NA,NA,NA,7,0.02,56,"WWTP-1"
2016-05-30,NA,30,22,NA,8,0.03,58,"WWTP-1"
2016-05-31,NA,NA,NA,1.33,7,0.05,60,"WWTP-1"
2016-06-01,NA,NA,NA,NA,8,0.03,53,"WWTP-1"
2016-06-02,NA,NA,NA,NA,7,0.03,52,"WWTP-1"
2016-06-03,NA,NA,NA,1.33,7,0.05,60,"WWTP-1"
2016-06-04,NA,NA,NA,NA,7,0.03,49,"WWTP-1"
2016-06-05,NA,NA,NA,NA,7,0.02,51,"WWTP-1"
2016-06-06,NA,30,26,NA,7,0.01,50,"WWTP-1"
2016-06-07,NA,NA,NA,NA,7,0.01,60,"WWTP-1"
2016-06-08,NA,NA,NA,NA,7,0.05,53,"WWTP-1"
2016-06-09,NA,NA,NA,NA,7,0.04,50,"WWTP-1"
2016-06-10,NA,NA,NA,1.33,7,0.04,52,"WWTP-1"
2016-06-11,NA,NA,NA,NA,7,0.03,53,"WWTP-1"
2016-06-12,NA,NA,NA,NA,7,0.01,55,"WWTP-1"
2016-06-13,NA,20,32,NA,7,0.03,45,"WWTP-1"
2016-06-14,NA,NA,NA,NA,7,0.02,17,"WWTP-1"
2016-06-15,NA,NA,NA,1,7,0.02,29,"WWTP-1"
2016-06-16,NA,NA,NA,NA,7,0.02,20,"WWTP-1"
2016-06-17,NA,NA,NA,NA,7,0.04,39,"WWTP-1"
2016-06-18,NA,NA,NA,NA,8,0.05,21,"WWTP-1"
2016-06-19,NA,NA,NA,NA,8,0.02,36,"WWTP-1"
2016-06-20,NA,16,2,NA,8,0.04,21,"WWTP-1"
2016-06-21,NA,NA,NA,NA,7,0.01,26,"WWTP-1"
2016-06-22,NA,NA,NA,NA,7,0.04,16,"WWTP-1"
2016-06-23,NA,NA,NA,NA,7,0.02,23,"WWTP-1"
2016-06-24,NA,NA,NA,NA,7,0.03,43,"WWTP-1"
2016-06-25,NA,NA,NA,NA,8,0.04,22,"WWTP-1"
2016-06-26,NA,NA,NA,1,8,0.02,28,"WWTP-1"
2016-06-27,NA,12,22,NA,7,0.02,27,"WWTP-1"
2016-06-28,NA,NA,NA,NA,7,0.01,18,"WWTP-1"
2016-06-29,NA,NA,NA,NA,7,0.04,40,"WWTP-1"
2016-06-30,NA,NA,NA,NA,7,0.03,29,"WWTP-1"
2016-07-01,NA,NA,NA,0,7,0.04,22,"WWTP-1"
2016-07-02,NA,NA,NA,0,7,0.01,30,"WWTP-1"
2016-07-03,NA,NA,NA,0,7,0.03,35,"WWTP-1"
2016-07-04,NA,13,38,0,7,0.01,37,"WWTP-1"
2016-07-05,NA,NA,NA,0,7,0.01,37,"WWTP-1"
2016-07-06,NA,NA,NA,0,7,0.02,23,"WWTP-1"
2016-07-07,NA,NA,NA,1.33,7,0.01,50,"WWTP-1"
2016-07-08,NA,NA,NA,1.33,7,0.01,58,"WWTP-1"
2016-07-09,NA,NA,NA,1.33,7,0.02,60,"WWTP-1"
2016-07-10,NA,NA,NA,0,7,0.01,60,"WWTP-1"
2016-07-11,NA,11,34,2.66,7,0.02,51,"WWTP-1"
2016-07-12,NA,NA,NA,2.66,7,0.01,44,"WWTP-1"
2016-07-13,NA,NA,NA,1.33,7,0.01,39,"WWTP-1"
2016-07-14,NA,NA,NA,1.33,7,0.01,33,"WWTP-1"
2016-07-15,NA,NA,NA,0,7,0.01,40,"WWTP-1"
2016-07-16,NA,NA,NA,0,7,0.01,32,"WWTP-1"
2016-07-17,NA,NA,NA,0,7,0.01,34,"WWTP-1"
2016-07-18,NA,6,48,0,7,0.01,22,"WWTP-1"
2016-07-19,NA,NA,NA,0,7,0.01,29,"WWTP-1"
2016-07-20,NA,NA,NA,0,7,0.02,22,"WWTP-1"
2016-07-21,NA,NA,NA,0,7,0.01,17,"WWTP-1"
2016-07-22,NA,NA,NA,0,7,0.03,26,"WWTP-1"
2016-07-23,NA,NA,NA,1.33,7,0.01,32,"WWTP-1"
2016-07-24,NA,NA,NA,0,7,0.03,53,"WWTP-1"
2016-07-25,NA,22,64,0,7,0.01,58,"WWTP-1"
2016-07-26,NA,NA,NA,0,7,0.01,57,"WWTP-1"
2016-07-27,NA,NA,NA,0,7,0.05,60,"WWTP-1"
2016-07-28,NA,NA,NA,0,7,0.03,58,"WWTP-1"
2016-07-29,NA,NA,NA,0,7,0.01,52,"WWTP-1"
2016-07-30,NA,NA,NA,1.33,7,0.04,55,"WWTP-1"
2016-07-31,NA,NA,NA,0,7,0.01,52,"WWTP-1"
2016-08-01,NA,21,61,0,7,0.01,21,"WWTP-1"
2016-08-02,NA,NA,NA,0,7,0.01,29,"WWTP-1"
2016-08-03,NA,NA,NA,0,7,0.01,25,"WWTP-1"
2016-08-04,NA,NA,NA,0,7,0.03,20,"WWTP-1"
2016-08-05,NA,6,4,0,9,0.01,54,"WWTP-1"
2016-08-06,NA,NA,NA,1.33,9,0.01,33,"WWTP-1"
2016-08-07,NA,NA,NA,2,7,0.01,28,"WWTP-1"
2016-08-08,NA,NA,NA,0,7,0.02,53,"WWTP-1"
2016-08-09,NA,NA,NA,1.33,7,0.04,60,"WWTP-1"
2016-08-10,NA,NA,NA,1.33,7,0.01,58,"WWTP-1"
2016-08-11,NA,NA,NA,0,7,0.02,32,"WWTP-1"
2016-08-12,NA,NA,NA,2.66,8,0.01,47,"WWTP-1"
2016-08-13,NA,NA,NA,0,7,0.01,50,"WWTP-1"
2016-08-14,NA,NA,NA,1.33,9,0.01,33,"WWTP-1"
2016-08-15,NA,NA,NA,0,7,0.01,23,"WWTP-1"
2016-08-16,NA,NA,NA,0,7,0.02,28,"WWTP-1"
2016-08-17,NA,NA,NA,0,7,0.01,30,"WWTP-1"
2016-08-18,NA,NA,NA,0,7,0.01,23,"WWTP-1"
2016-08-19,NA,NA,NA,0,7,0.01,35,"WWTP-1"
2016-08-20,NA,NA,NA,0,7,0.02,20,"WWTP-1"
2016-08-21,NA,NA,NA,0,7,0.01,22,"WWTP-1"
2016-08-22,NA,12,9,0,7,0.01,12,"WWTP-1"
2016-08-23,NA,NA,NA,0,7,0.01,21,"WWTP-1"
2016-08-24,NA,NA,NA,0,7,0.01,14,"WWTP-1"
2016-08-25,NA,NA,NA,1.33,7,0.04,26,"WWTP-1"
2016-08-26,NA,NA,NA,0,8,0.01,26,"WWTP-1"
2016-08-27,NA,NA,NA,0,7,0.01,26,"WWTP-1"
2016-08-28,NA,NA,NA,0,7,0.01,30,"WWTP-1"
2016-08-29,NA,NA,NA,0,7,0.03,33,"WWTP-1"
2016-08-30,NA,12,21,1.33,7,0.01,23,"WWTP-1"
2016-08-31,NA,NA,NA,0,6,0.02,14,"WWTP-1"
2016-09-01,NA,NA,NA,0,7,0.03,34,"WWTP-1"
2016-09-02,NA,NA,NA,0,8,0.01,36,"WWTP-1"
2016-09-03,NA,NA,NA,0,7,0.01,21,"WWTP-1"
2016-09-04,NA,NA,NA,0,7,0.02,33,"WWTP-1"
2016-09-05,NA,10,24,0,7,0.01,24,"WWTP-1"
2016-09-06,NA,NA,NA,0,7,0.05,60,"WWTP-1"
2016-09-07,NA,NA,NA,0,7,0.01,58,"WWTP-1"
2016-09-08,NA,NA,NA,0,7,0.01,20,"WWTP-1"
2016-09-09,NA,NA,NA,0,7,0.01,29,"WWTP-1"
2016-09-10,NA,NA,NA,0,7,0.02,14,"WWTP-1"
2016-09-11,NA,NA,NA,0,7,0.01,21,"WWTP-1"
2016-09-12,NA,NA,NA,0,7,0.01,17,"WWTP-1"
2016-09-13,NA,13,34,0,7,0.01,11,"WWTP-1"
2016-09-14,NA,NA,NA,0,7,0.02,11,"WWTP-1"
2016-09-15,NA,NA,NA,0,7,0.01,14,"WWTP-1"
2016-09-16,NA,NA,NA,0,7,0.01,39,"WWTP-1"
2016-09-17,NA,NA,NA,1.33,7,0.03,31,"WWTP-1"
2016-09-18,NA,NA,NA,0,7,0.01,20,"WWTP-1"
2016-09-19,NA,13,25,0,7,0.01,12,"WWTP-1"
2016-09-20,NA,NA,NA,0,7,0.01,11,"WWTP-1"
2016-09-21,NA,NA,NA,0,8,0.01,27,"WWTP-1"
2016-09-22,NA,NA,NA,0,7,0.04,28,"WWTP-1"
2016-09-23,NA,NA,NA,0,7,0.01,16,"WWTP-1"
2016-09-24,NA,NA,NA,0,7,0.03,11,"WWTP-1"
2016-09-25,NA,NA,NA,0,6,0.01,57,"WWTP-1"
2016-09-26,NA,32,58,0,8,0.01,53,"WWTP-1"
2016-09-27,NA,NA,NA,1.33,6,0.02,60,"WWTP-1"
2016-09-28,NA,NA,NA,0,7,0.01,12,"WWTP-1"
2016-09-29,NA,NA,NA,1.33,7,0.01,14,"WWTP-1"
2016-09-30,NA,NA,NA,0,7,0.02,10,"WWTP-1"
2016-10-01,NA,NA,NA,1.33,7,0.04,25,"WWTP-1"
2016-10-02,NA,NA,NA,0,7,0.01,33,"WWTP-1"
2016-10-03,NA,23,36,0,7,0.04,35,"WWTP-1"
2016-10-04,NA,NA,NA,0,7,0.01,37,"WWTP-1"
2016-10-05,NA,NA,NA,0,7,0.05,40,"WWTP-1"
2016-10-06,NA,NA,NA,0,7,0.02,23,"WWTP-1"
2016-10-07,NA,NA,NA,1.33,7,0.01,50,"WWTP-1"
2016-10-08,NA,NA,NA,1.33,7,0.01,58,"WWTP-1"
2016-10-09,NA,NA,NA,0,7,0.02,50,"WWTP-1"
2016-10-10,NA,12,44,0,7,0,60,"WWTP-1"
2016-10-11,NA,NA,NA,0,7,0.02,51,"WWTP-1"
2016-10-12,NA,NA,NA,0,7,0.01,45,"WWTP-1"
2016-10-13,NA,NA,NA,0,6,0.01,37,"WWTP-1"
2016-10-14,NA,NA,NA,0,7,0.01,33,"WWTP-1"
2016-10-15,NA,NA,NA,0,7,0.01,40,"WWTP-1"
2016-10-16,NA,NA,NA,0,7,0.01,32,"WWTP-1"
2016-10-17,NA,23,25,0,7,0.01,34,"WWTP-1"
2016-10-18,NA,NA,NA,0,8,0.01,22,"WWTP-1"
2016-10-19,NA,NA,NA,0,7,0.03,29,"WWTP-1"
2016-10-20,NA,NA,NA,0,7,0.02,22,"WWTP-1"
2016-10-21,NA,NA,NA,0,7,0.01,18,"WWTP-1"
2016-10-22,NA,NA,NA,0,7,0.03,26,"WWTP-1"
2016-10-23,NA,NA,NA,0,7,0.01,34,"WWTP-1"
2016-10-24,NA,10,23,0,6,0.03,53,"WWTP-1"
2016-10-25,NA,NA,NA,0,7,0.01,58,"WWTP-1"
2016-10-26,NA,NA,NA,0,7,0.01,57,"WWTP-1"
2016-10-27,NA,NA,NA,0,7,0.05,60,"WWTP-1"
2016-10-28,NA,NA,NA,0,7,0.03,58,"WWTP-1"
2016-10-29,NA,NA,NA,0,6,0.01,51,"WWTP-1"
2016-10-30,NA,NA,NA,0,7,0.04,55,"WWTP-1"
2016-10-31,NA,NA,NA,0,7,0.01,54,"WWTP-1"
2016-11-01,NA,NA,NA,2,6,0.01,29,"WWTP-1"
2016-11-02,NA,NA,NA,2,7,0.01,22,"WWTP-1"
2016-11-03,NA,NA,NA,1,7,0.01,27,"WWTP-1"
2016-11-04,NA,NA,NA,2,6,0.03,20,"WWTP-1"
2016-11-05,NA,NA,NA,1,7,0.01,54,"WWTP-1"
2016-11-06,NA,NA,NA,2,7,0.01,33,"WWTP-1"
2016-11-07,NA,10,11,2,7,0.01,28,"WWTP-1"
2016-11-08,NA,NA,NA,1,7,0.02,53,"WWTP-1"
2016-11-09,NA,NA,NA,1,7,0.04,50,"WWTP-1"
2016-11-10,NA,NA,NA,1,7,0.01,58,"WWTP-1"
2016-11-11,NA,NA,NA,1,7,0.02,32,"WWTP-1"
2016-11-12,NA,NA,NA,1,7,0.01,47,"WWTP-1"
2016-11-13,NA,NA,NA,1,7,0.01,30,"WWTP-1"
2016-11-14,NA,11,38,1,8,0,33,"WWTP-1"
2016-11-15,NA,NA,NA,1,7,0.01,27,"WWTP-1"
2016-11-16,NA,NA,NA,1,7,0.02,29,"WWTP-1"
2016-11-17,NA,NA,NA,1,7,0.01,30,"WWTP-1"
2016-11-18,NA,NA,NA,1,7,0.01,26,"WWTP-1"
2016-11-19,NA,NA,NA,1,7,0.01,35,"WWTP-1"
2016-11-20,NA,NA,NA,1,7,0.02,20,"WWTP-1"
2016-11-21,NA,8,28,1,7,0.04,22,"WWTP-1"
2016-11-22,NA,NA,NA,1,7,0.01,17,"WWTP-1"
2016-11-23,NA,NA,NA,1,7,0.01,21,"WWTP-1"
2016-11-24,NA,NA,NA,1,7,0.05,14,"WWTP-1"
2016-11-25,NA,NA,NA,1,7,0.04,20,"WWTP-1"
2016-11-26,NA,NA,NA,1,7,0.05,26,"WWTP-1"
2016-11-27,NA,NA,NA,1,7,0.03,26,"WWTP-1"
2016-11-28,NA,16,5,1,7,0.01,30,"WWTP-1"
2016-11-29,NA,NA,NA,1,7,0.03,35,"WWTP-1"
2016-11-30,NA,NA,NA,1,7,0.03,26,"WWTP-1"
2016-12-01,NA,NA,NA,1,7,0.03,39,"WWTP-1"
2016-12-02,NA,NA,NA,1,8,0.01,36,"WWTP-1"
2016-12-03,NA,NA,NA,1,7,0.01,23,"WWTP-1"
2016-12-04,NA,NA,NA,1,7,0.02,33,"WWTP-1"
2016-12-05,NA,15,21,1,7,0.01,24,"WWTP-1"
2016-12-06,NA,NA,NA,1,7,0.05,45,"WWTP-1"
2016-12-07,NA,NA,NA,1,7,0.01,58,"WWTP-1"
2016-12-08,NA,NA,NA,1,7,0.01,26,"WWTP-1"
2016-12-09,NA,NA,NA,1,7,0.01,29,"WWTP-1"
2016-12-10,NA,NA,NA,1,7,0.02,14,"WWTP-1"
2016-12-11,NA,NA,NA,1,7,0.01,27,"WWTP-1"
2016-12-12,NA,16,12,1,7,0.01,27,"WWTP-1"
2016-12-13,NA,NA,NA,1,7,0.01,15,"WWTP-1"
2016-12-14,NA,NA,NA,1,7,0.02,18,"WWTP-1"
2016-12-15,NA,NA,NA,1,7,0.01,14,"WWTP-1"
2016-12-16,NA,NA,NA,1,7,0.01,39,"WWTP-1"
2016-12-17,NA,NA,NA,1,7,0.03,31,"WWTP-1"
2016-12-18,NA,NA,NA,1,7,0.01,25,"WWTP-1"
2016-12-19,NA,13,44,1,7,0.01,12,"WWTP-1"
2016-12-20,NA,NA,NA,1,7,0.01,15,"WWTP-1"
2016-12-21,NA,NA,NA,1,8,0.01,27,"WWTP-1"
2016-12-22,NA,NA,NA,1,7,0.04,28,"WWTP-1"
2016-12-23,NA,NA,NA,1,7,0.01,16,"WWTP-1"
2016-12-24,NA,NA,NA,1,7,0.03,11,"WWTP-1"
2016-12-25,NA,NA,NA,1,6,0.01,57,"WWTP-1"
2016-12-26,NA,NA,NA,1,8,0.01,53,"WWTP-1"
2016-12-27,NA,NA,NA,1,6,0.02,54,"WWTP-1"
2016-12-28,NA,NA,NA,1,7,0.01,12,"WWTP-1"
2016-12-29,NA,NA,NA,1,7,0.01,18,"WWTP-1"
2016-12-30,NA,NA,NA,1,7,0.02,10,"WWTP-1"
2016-12-31,NA,NA,NA,1,7,0.01,19,"WWTP-1"
2017-01-01,NA,NA,NA,1,7,0.02,39,"WWTP-1"
2017-01-02,NA,NA,NA,1,7,0.01,48,"WWTP-1"
2017-01-03,NA,NA,NA,1,7,0.04,42,"WWTP-1"
2017-01-04,NA,25,30,2,7,0.03,81,"WWTP-1"
2017-01-05,NA,NA,NA,2,7,0.01,58,"WWTP-1"
2017-01-06,NA,NA,NA,1,6,0.04,57,"WWTP-1"
2017-01-07,NA,NA,NA,1,7,0.05,23,"WWTP-1"
2017-01-08,NA,NA,NA,1,7,NA,38,"WWTP-1"
2017-01-09,NA,26,27,1,7,0.01,43,"WWTP-1"
2017-01-10,NA,NA,NA,1,7,0.02,53,"WWTP-1"
2017-01-11,NA,NA,NA,1,7,0.04,58,"WWTP-1"
2017-01-12,NA,NA,NA,1,7,0.02,38,"WWTP-1"
2017-01-13,NA,NA,NA,1,7,0.02,47,"WWTP-1"
2017-01-14,NA,NA,NA,1,7,0.01,41,"WWTP-1"
2017-01-15,NA,NA,NA,1,7,0.02,38,"WWTP-1"
2017-01-16,NA,27,26,1,7,0.04,33,"WWTP-1"
2017-01-17,NA,NA,NA,1,7,0.03,28,"WWTP-1"
2017-01-18,NA,NA,NA,1,7,0.02,23,"WWTP-1"
2017-01-19,NA,NA,NA,1,7,0.05,47,"WWTP-1"
2017-01-20,NA,NA,NA,1,7,0.02,34,"WWTP-1"
2017-01-21,NA,NA,NA,1,7,0.01,25,"WWTP-1"
2017-01-22,NA,NA,NA,1,7,0.02,34,"WWTP-1"
2017-01-23,NA,22,8,1,7,0.02,60,"WWTP-1"
2017-01-24,NA,NA,NA,1,7,0.03,48,"WWTP-1"
2017-01-25,NA,NA,NA,1,7,0.04,34,"WWTP-1"
2017-01-26,NA,NA,NA,1,7,0.04,26,"WWTP-1"
2017-01-27,NA,NA,NA,1,7,0.04,23,"WWTP-1"
2017-01-28,NA,NA,NA,1,8,NA,35,"WWTP-1"
2017-01-29,NA,NA,NA,1,8,0.01,58,"WWTP-1"
2017-01-30,NA,NA,NA,1,8,0.03,53,"WWTP-1"
2017-01-31,NA,NA,NA,1,7,0.01,49,"WWTP-1"
2017-02-01,NA,NA,NA,1,7,0.04,54,"WWTP-1"
2017-02-02,NA,NA,NA,1,7,0.01,49,"WWTP-1"
2017-02-03,NA,NA,NA,1,7,0.03,57,"WWTP-1"
2017-02-04,NA,NA,NA,1,7,0.01,43,"WWTP-1"
2017-02-05,NA,NA,NA,1,8,0.04,47,"WWTP-1"
2017-02-06,NA,NA,NA,1,7,0.02,46,"WWTP-1"
2017-02-07,NA,NA,NA,1,7,0.03,36,"WWTP-1"
2017-02-08,NA,NA,NA,1,7,0.02,33,"WWTP-1"
2017-02-09,NA,NA,NA,1,7,0.01,39,"WWTP-1"
2017-02-10,NA,NA,NA,1,7,NA,29,"WWTP-1"
2017-02-11,NA,NA,NA,1,7,0.01,25,"WWTP-1"
2017-02-12,NA,NA,NA,1,7,0.03,60,"WWTP-1"
2017-02-13,NA,NA,NA,1,7,0.04,48,"WWTP-1"
2017-02-14,NA,NA,NA,1,7,0.02,45,"WWTP-1"
2017-02-15,NA,NA,NA,1,7,0.02,39,"WWTP-1"
2017-02-16,NA,NA,NA,1,8,0.02,36,"WWTP-1"
2017-02-17,NA,NA,NA,1,7,0.01,42,"WWTP-1"
2017-02-18,NA,NA,NA,1,8,0.04,48,"WWTP-1"
2017-02-19,NA,NA,NA,1,8,0.04,33,"WWTP-1"
2017-02-20,NA,20,19,1,8,0.01,38,"WWTP-1"
2017-02-21,NA,NA,NA,1,7,0.01,40,"WWTP-1"
2017-02-22,NA,NA,NA,1,7,0.05,45,"WWTP-1"
2017-02-23,NA,NA,NA,1,7,0.01,48,"WWTP-1"
2017-02-24,NA,NA,NA,1,7,0.02,38,"WWTP-1"
2017-02-25,NA,NA,NA,1,7,0.01,32,"WWTP-1"
2017-02-26,NA,NA,NA,1,8,0.01,58,"WWTP-1"
2017-02-27,NA,10,18,1,7,0.03,25,"WWTP-1"
2017-02-28,NA,NA,NA,1,8,0.02,35,"WWTP-1"
2017-03-01,NA,NA,NA,1,7,0.01,27,"WWTP-1"
2017-03-02,NA,NA,NA,1,7,0.03,23,"WWTP-1"
2017-03-03,NA,NA,NA,1,7,0.01,54,"WWTP-1"
2017-03-04,NA,NA,NA,1,7,0.04,46,"WWTP-1"
2017-03-05,NA,NA,NA,1,8,0.01,50,"WWTP-1"
2017-03-06,NA,15,21,1,8,0.02,54,"WWTP-1"
2017-03-07,NA,NA,NA,1,7,0.01,52,"WWTP-1"
2017-03-08,NA,NA,NA,1,7,0.01,55,"WWTP-1"
2017-03-09,NA,NA,NA,0.8,7,0.01,48,"WWTP-1"
2017-03-10,NA,NA,NA,0.8,7,0.05,45,"WWTP-1"
2017-03-11,NA,NA,NA,0.8,7,0.01,40,"WWTP-1"
2017-03-12,NA,NA,NA,0.8,7,0.01,51,"WWTP-1"
2017-03-13,NA,6,24,0.8,7,0.04,38,"WWTP-1"
2017-03-14,NA,NA,NA,0.8,7,0.02,42,"WWTP-1"
2017-03-15,NA,NA,NA,0.8,7,0.01,53,"WWTP-1"
2017-03-16,NA,NA,NA,0.8,7,0.01,57,"WWTP-1"
2017-03-17,NA,NA,NA,0.8,7,0.02,48,"WWTP-1"
2017-03-18,NA,NA,NA,0.8,7,0.01,34,"WWTP-1"
2017-03-19,NA,NA,NA,0.8,7,0.01,48,"WWTP-1"
2017-03-20,NA,13,34,0.8,7,0.05,43,"WWTP-1"
2017-03-21,NA,NA,NA,0.8,7,0.01,47,"WWTP-1"
2017-03-22,NA,NA,NA,0.8,7,0.05,53,"WWTP-1"
2017-03-23,NA,NA,NA,0.8,7,0.01,45,"WWTP-1"
2017-03-24,NA,NA,NA,0.8,7,0.03,60,"WWTP-1"
2017-03-25,NA,NA,NA,0.8,7,0.01,56,"WWTP-1"
2017-03-26,NA,NA,NA,0.8,7,0.02,53,"WWTP-1"
2017-03-27,NA,14,30,0.8,7,0.02,55,"WWTP-1"
2017-03-28,NA,NA,NA,0.8,7,0.01,58,"WWTP-1"
2017-03-29,NA,NA,NA,0.8,7,0.01,52,"WWTP-1"
2017-03-30,NA,NA,NA,0.8,7,0.02,56,"WWTP-1"
2017-03-31,NA,NA,NA,0.8,7,0.01,60,"WWTP-1"
2017-04-01,NA,NA,NA,0.8,7,0.02,60,"WWTP-1"
2017-04-02,NA,NA,NA,0.8,7,0.01,59,"WWTP-1"
2017-04-03,NA,13,25,0.8,7,0.04,55,"WWTP-1"
2017-04-04,NA,NA,NA,0.8,7,0.03,41,"WWTP-1"
2017-04-05,NA,NA,NA,0.8,7,0.01,56,"WWTP-1"
2017-04-06,NA,NA,NA,0.8,7,0.04,48,"WWTP-1"
2017-04-07,NA,NA,NA,0.8,7,0.05,55,"WWTP-1"
2017-04-08,NA,NA,NA,0.8,7,0,50,"WWTP-1"
2017-04-09,NA,NA,NA,0.8,7,0.01,48,"WWTP-1"
2017-04-10,NA,29,37,0.8,7,0.02,56,"WWTP-1"
2017-04-11,NA,NA,NA,0.8,7,0.04,60,"WWTP-1"
2017-04-12,NA,NA,NA,0.8,7,0.02,60,"WWTP-1"
2017-04-13,NA,NA,NA,0.8,7,0.01,60,"WWTP-1"
2017-04-14,NA,NA,NA,0.8,7,0.01,54,"WWTP-1"
2017-04-15,NA,NA,NA,0.8,7,0.02,47,"WWTP-1"
2017-04-16,NA,NA,NA,0.8,7,0.04,52,"WWTP-1"
2017-04-17,NA,30,56,0.8,7,0.03,58,"WWTP-1"
2017-04-18,NA,NA,NA,0.8,7,0.03,50,"WWTP-1"
2017-04-19,NA,NA,NA,0.8,7,0.05,56,"WWTP-1"
2017-04-20,NA,NA,NA,0.8,7,0.02,58,"WWTP-1"
2017-04-21,NA,NA,NA,0.8,7,0.01,52,"WWTP-1"
2017-04-22,NA,NA,NA,0.8,7,0.02,49,"WWTP-1"
2017-04-23,NA,NA,NA,0.8,7,0.02,58,"WWTP-1"
2017-04-24,NA,28,52,0.8,7,0.03,59,"WWTP-1"
2017-04-25,NA,NA,NA,0.8,7,0.02,53,"WWTP-1"
2017-04-26,NA,NA,NA,1.9,7,0.04,44,"WWTP-1"
2017-04-27,NA,NA,NA,1.9,7,0.04,49,"WWTP-1"
2017-04-28,NA,NA,NA,0.8,7,0,46,"WWTP-1"
2017-04-29,NA,NA,NA,0.8,7,0.01,49,"WWTP-1"
2017-04-30,NA,NA,NA,0.8,7,0.03,56,"WWTP-1"
2017-05-01,NA,NA,NA,0.8,7,0.04,47,"WWTP-1"
2017-05-02,NA,NA,NA,0.8,7,0.03,43,"WWTP-1"
2017-05-03,NA,15,22,1.6,7,0.03,39,"WWTP-1"
2017-05-04,NA,NA,NA,0.8,7,0.01,54,"WWTP-1"
2017-05-05,NA,NA,NA,0.8,7,0.04,58,"WWTP-1"
2017-05-06,NA,NA,NA,0.8,7,0.02,52,"WWTP-1"
2017-05-07,NA,NA,NA,0.8,7,0.03,44,"WWTP-1"
2017-05-08,NA,13,25,0.8,7,0.02,37,"WWTP-1"
2017-05-09,NA,NA,NA,0.8,7,0.01,46,"WWTP-1"
2017-05-10,NA,NA,NA,0.8,7,0,50,"WWTP-1"
2017-05-11,NA,NA,NA,0.8,7,0.01,47,"WWTP-1"
2017-05-12,NA,NA,NA,0.8,7,0.03,49,"WWTP-1"
2017-05-13,NA,NA,NA,0.8,7,0.04,46,"WWTP-1"
2017-05-14,NA,NA,NA,0.8,7,0.02,42,"WWTP-1"
2017-05-15,NA,13,38,0.8,7,0.02,48,"WWTP-1"
2017-05-16,NA,NA,NA,0.8,7,0.02,52,"WWTP-1"
2017-05-17,NA,NA,NA,0.8,7,0.01,50,"WWTP-1"
2017-05-18,NA,NA,NA,0.8,7,0.04,54,"WWTP-1"
2017-05-19,NA,NA,NA,0.8,8,0.04,53,"WWTP-1"
2017-05-20,NA,NA,NA,0.8,8,0.01,57,"WWTP-1"
2017-05-21,NA,NA,NA,0.8,7,0.01,55,"WWTP-1"
2017-05-22,NA,28,43,0.8,7,0.05,50,"WWTP-1"
2017-05-23,NA,NA,NA,0.8,7,0.01,56,"WWTP-1"
2017-05-24,NA,NA,NA,0.8,8,0.02,53,"WWTP-1"
2017-05-25,NA,NA,NA,0.8,8,0.01,57,"WWTP-1"
2017-05-26,NA,NA,NA,0.8,7,0.01,52,"WWTP-1"
2017-05-27,NA,NA,NA,0.8,7,0.03,54,"WWTP-1"
2017-05-28,NA,NA,NA,0.8,7,0.02,44,"WWTP-1"
2017-05-29,NA,30,33,0.8,7,0.01,48,"WWTP-1"
2017-05-30,NA,NA,NA,0.8,7,0,50,"WWTP-1"
2017-05-31,NA,NA,NA,0.8,7,0.04,55,"WWTP-1"
2017-06-01,NA,NA,NA,0.8,7,0.03,56,"WWTP-1"
2017-06-02,NA,NA,NA,0.8,7,0.02,58,"WWTP-1"
2017-06-03,NA,NA,NA,0.8,7,0.01,55,"WWTP-1"
2017-06-04,NA,NA,NA,0.8,7,0.04,58,"WWTP-1"
2017-06-05,NA,9,4,0.8,7,0.02,54,"WWTP-1"
2017-06-06,NA,NA,NA,0.8,7,0.02,51,"WWTP-1"
2017-06-07,NA,NA,NA,0.8,7,0.01,55,"WWTP-1"
2017-06-08,NA,NA,NA,0.8,7,0.04,54,"WWTP-1"
2017-06-09,NA,NA,NA,0.8,7,0.01,52,"WWTP-1"
2017-06-10,NA,NA,NA,0.8,7,0,46,"WWTP-1"
2017-06-11,NA,NA,NA,0.8,7,0.01,50,"WWTP-1"
2017-06-12,NA,NA,NA,0.8,7,0.01,48,"WWTP-1"
2017-06-13,NA,13,36,0.8,7,0.04,50,"WWTP-1"
2017-06-14,NA,NA,NA,0.8,8,0.02,48,"WWTP-1"
2017-06-15,NA,NA,NA,0.8,8,0.01,52,"WWTP-1"
2017-06-16,NA,NA,NA,0.8,7,0.01,58,"WWTP-1"
2017-06-17,NA,NA,NA,0.8,7,0.02,54,"WWTP-1"
2017-06-18,NA,NA,NA,0.8,8,0.01,54,"WWTP-1"
2017-06-19,NA,12,29,0.8,7,0.01,52,"WWTP-1"
2017-06-20,NA,NA,NA,0.8,8,0.02,55,"WWTP-1"
2017-06-21,NA,NA,NA,1,8,0.01,58,"WWTP-1"
2017-06-22,NA,NA,NA,0.8,7,0.05,54,"WWTP-1"
2017-06-23,NA,NA,NA,0.8,7,0.04,45,"WWTP-1"
2017-06-24,NA,NA,NA,0.8,8,0.03,48,"WWTP-1"
2017-06-25,NA,NA,NA,0.8,7,0.01,50,"WWTP-1"
2017-06-26,NA,NA,NA,0.8,7,0.02,52,"WWTP-1"
2017-06-27,NA,24,28,0.8,7,0.02,54,"WWTP-1"
2017-06-28,NA,NA,NA,0.8,7,0.01,51,"WWTP-1"
2017-06-29,NA,NA,NA,0.8,7,0.01,53,"WWTP-1"
2017-06-30,NA,NA,NA,0.8,7,0.02,58,"WWTP-1"
2017-07-01,NA,NA,NA,0.8,7,0.04,54,"WWTP-1"
2017-07-02,NA,NA,NA,0.8,7,0.014,57,"WWTP-1"
2017-07-03,NA,28,48,0.8,7,0.04,55,"WWTP-1"
2017-07-04,NA,NA,NA,0.8,7,0.03,54,"WWTP-1"
2017-07-05,NA,NA,NA,0.8,7,0.02,52,"WWTP-1"
2017-07-06,NA,NA,NA,0.8,7,0.04,48,"WWTP-1"
2017-07-07,NA,NA,NA,0.8,7,0.05,42,"WWTP-1"
2017-07-08,NA,NA,NA,0.8,7,NA,48,"WWTP-1"
2017-07-09,NA,NA,NA,0.8,7,0.01,46,"WWTP-1"
2017-07-10,NA,18,20,0.8,7,0.02,52,"WWTP-1"
2017-07-11,NA,NA,NA,0.8,7,0.04,54,"WWTP-1"
2017-07-12,NA,NA,NA,0.8,7,0.02,48,"WWTP-1"
2017-07-13,NA,NA,NA,0.8,7,0.01,48,"WWTP-1"
2017-07-14,NA,NA,NA,0.8,7,0.01,51,"WWTP-1"
2017-07-15,NA,NA,NA,0.8,7,NA,54,"WWTP-1"
2017-07-16,NA,NA,NA,0.8,7,0.04,51,"WWTP-1"
2017-07-17,NA,12,50,0.8,7,0.03,44,"WWTP-1"
2017-07-18,NA,NA,NA,0.8,7,0.01,48,"WWTP-1"
2017-07-19,NA,NA,NA,0.8,7,0.05,38,"WWTP-1"
2017-07-20,NA,NA,NA,0.8,7,0.02,47,"WWTP-1"
2017-07-21,NA,NA,NA,0.8,7,0.01,52,"WWTP-1"
2017-07-22,NA,NA,NA,0.8,7,0.02,57,"WWTP-1"
2017-07-23,NA,NA,NA,0.8,7,0.02,60,"WWTP-1"
2017-07-24,NA,16,11,0.8,7,0.02,55,"WWTP-1"
2017-07-25,NA,NA,NA,0.8,7,0.01,52,"WWTP-1"
2017-07-26,NA,NA,NA,1.8,7,0.04,60,"WWTP-1"
2017-07-27,NA,NA,NA,1.9,7,0.04,51,"WWTP-1"
2017-07-28,NA,NA,NA,0.8,7,NA,48,"WWTP-1"
2017-07-29,NA,NA,NA,0.8,7,0.01,52,"WWTP-1"
2017-07-30,NA,NA,NA,0.8,7,0.03,57,"WWTP-1"
2017-07-31,NA,8,34,0.8,7,0.04,51,"WWTP-1"
2017-08-01,NA,NA,NA,0.8,7,0.01,56,"WWTP-1"
2017-08-02,NA,NA,NA,0.8,7,0.03,52,"WWTP-1"
2017-08-03,NA,NA,NA,0.8,7,0.03,38,"WWTP-1"
2017-08-04,NA,NA,NA,0.8,7,0.01,32,"WWTP-1"
2017-08-05,NA,NA,NA,0.8,7,0.04,39,"WWTP-1"
2017-08-06,NA,NA,NA,0.8,7,0.01,48,"WWTP-1"
2017-08-07,NA,19,30,0.8,7,0.03,53,"WWTP-1"
2017-08-08,NA,NA,NA,0.8,7,0.02,58,"WWTP-1"
2017-08-09,NA,NA,NA,0.8,7,0.01,56,"WWTP-1"
2017-08-10,NA,NA,NA,0.8,7,NA,35,"WWTP-1"
2017-08-11,NA,NA,NA,0.8,7,0.01,53,"WWTP-1"
2017-08-12,NA,NA,NA,0.8,7,0.03,50,"WWTP-1"
2017-08-13,NA,NA,NA,0.8,7,0.04,40,"WWTP-1"
2017-08-14,NA,12,5,0.8,7,0.02,38,"WWTP-1"
2017-08-15,NA,NA,NA,0.8,7,0.02,45,"WWTP-1"
2017-08-16,NA,NA,NA,0.8,7,0.02,42,"WWTP-1"
2017-08-17,NA,NA,NA,0.8,7,0.01,38,"WWTP-1"
2017-08-18,NA,NA,NA,0.8,8,0.04,44,"WWTP-1"
2017-08-19,NA,NA,NA,0.8,8,0.04,37,"WWTP-1"
2017-08-20,NA,NA,NA,0.8,7,0.01,40,"WWTP-1"
2017-08-21,NA,16,14,0.8,7,0.01,42,"WWTP-1"
2017-08-22,NA,NA,NA,0.8,7,0.05,40,"WWTP-1"
2017-08-23,NA,NA,NA,0.8,8,0.01,36,"WWTP-1"
2017-08-24,NA,NA,NA,0.8,8,0.02,37,"WWTP-1"
2017-08-25,NA,NA,NA,0.8,7,0.05,29,"WWTP-1"
2017-08-26,NA,NA,NA,0.8,7,0.01,33,"WWTP-1"
2017-08-27,NA,NA,NA,0.8,7,0.03,44,"WWTP-1"
2017-08-28,NA,NA,NA,0.8,7,0.02,48,"WWTP-1"
2017-08-29,NA,13,11,0.8,7,0.01,39,"WWTP-1"
2017-08-30,NA,NA,NA,0.8,7,0.02,42,"WWTP-1"
2017-08-31,NA,NA,NA,0.8,7,0.04,54,"WWTP-1"
2017-09-01,NA,NA,NA,0.8,7,0.01,51,"WWTP-1"
2017-09-02,NA,NA,NA,0.8,7,0.02,38,"WWTP-1"
2017-09-03,NA,NA,NA,0.8,7,0.01,33,"WWTP-1"
2017-09-04,NA,12,28,0.8,7,0.04,43,"WWTP-1"
2017-09-05,NA,NA,NA,0.8,7,0.02,51,"WWTP-1"
2017-09-06,NA,NA,NA,0.8,7,NA,54,"WWTP-1"
2017-09-07,NA,NA,NA,0.8,7,0.01,51,"WWTP-1"
2017-09-08,NA,NA,NA,0.8,7,0.04,52,"WWTP-1"
2017-09-09,NA,NA,NA,0.8,7,0.01,30,"WWTP-1"
2017-09-10,NA,NA,NA,0.8,7,0.02,35,"WWTP-1"
2017-09-11,NA,10,2,0.8,7,0.01,42,"WWTP-1"
2017-09-12,NA,NA,NA,0.8,7,0.01,40,"WWTP-1"
2017-09-13,NA,NA,NA,0.8,7,0.04,47,"WWTP-1"
2017-09-14,NA,NA,NA,0.8,8,0.02,37,"WWTP-1"
2017-09-15,NA,NA,NA,0.8,8,0.02,48,"WWTP-1"
2017-09-16,NA,NA,NA,0.8,7,0.04,53,"WWTP-1"
2017-09-29,NA,NA,NA,0.8,7,0.02,53,"WWTP-1"
2017-09-30,NA,NA,NA,0.8,7,0.04,56,"WWTP-1"
2015-07-01,NA,NA,NA,NA,8,NA,38,"WWTP-2"
2015-07-04,NA,NA,NA,1,8,NA,55,"WWTP-2"
2015-07-08,NA,NA,43,NA,8,NA,60,"WWTP-2"
2015-07-09,NA,NA,10,NA,8,NA,56,"WWTP-2"
2015-07-10,NA,NA,28,NA,8,NA,56,"WWTP-2"
2015-07-11,NA,NA,21,NA,7,NA,49,"WWTP-2"
2015-07-13,NA,NA,35,NA,7,NA,16,"WWTP-2"
2015-07-14,NA,NA,40,NA,8,NA,55,"WWTP-2"
2015-07-15,NA,NA,34,NA,8,NA,60,"WWTP-2"
2015-07-18,NA,NA,34,NA,8,NA,48,"WWTP-2"
2015-07-19,NA,NA,NA,NA,7,NA,39,"WWTP-2"
2015-07-20,NA,NA,39,NA,7,NA,44,"WWTP-2"
2015-07-21,NA,NA,NA,NA,7,NA,4,"WWTP-2"
2015-07-22,NA,NA,10,NA,8,NA,21,"WWTP-2"
2015-07-23,NA,NA,31,NA,8,NA,10,"WWTP-2"
2015-07-24,NA,NA,29,NA,8,NA,51,"WWTP-2"
2015-07-25,NA,NA,32,NA,8,NA,25,"WWTP-2"
2015-07-26,NA,NA,26,NA,8,NA,17,"WWTP-2"
2015-07-27,NA,9,8,NA,8,NA,30,"WWTP-2"
2015-07-28,NA,NA,9,NA,8,NA,53,"WWTP-2"
2015-07-29,NA,NA,17,NA,8,NA,6,"WWTP-2"
2015-07-30,NA,NA,21,NA,8,NA,53,"WWTP-2"
2015-07-31,NA,NA,20,NA,8,NA,50,"WWTP-2"
2015-08-01,NA,NA,16,NA,8,NA,57,"WWTP-2"
2015-08-02,NA,NA,36,NA,8,NA,50,"WWTP-2"
2015-08-03,NA,14,25,NA,8,NA,52,"WWTP-2"
2015-08-04,NA,NA,18,NA,8,NA,10,"WWTP-2"
2015-08-05,NA,NA,16,NA,8,NA,42,"WWTP-2"
2015-08-06,NA,NA,13,NA,8,NA,56,"WWTP-2"
2015-08-07,NA,NA,25,NA,8,NA,54,"WWTP-2"
2015-08-08,NA,NA,28,NA,8,NA,33,"WWTP-2"
2015-08-10,NA,3,19,NA,8,NA,54,"WWTP-2"
2015-08-11,NA,NA,23,NA,8,NA,22,"WWTP-2"
2015-08-12,NA,NA,14,NA,8,NA,36,"WWTP-2"
2015-08-13,NA,NA,20,NA,8,NA,58,"WWTP-2"
2015-08-14,NA,NA,21,NA,8,NA,10,"WWTP-2"
2015-08-15,NA,NA,26,NA,8,NA,45,"WWTP-2"
2015-08-16,NA,NA,28,NA,8,NA,42,"WWTP-2"
2015-08-17,NA,13,47,NA,8,NA,58,"WWTP-2"
2015-08-19,NA,NA,49,NA,NA,NA,NA,"WWTP-2"
2015-08-25,NA,NA,27,NA,8,NA,55,"WWTP-2"
2015-08-26,NA,NA,29,NA,8,NA,18,"WWTP-2"
2015-08-29,NA,NA,50,NA,8,NA,18,"WWTP-2"
2015-08-30,NA,NA,38,NA,8,NA,25,"WWTP-2"
2015-08-31,NA,NA,29,NA,7,NA,10,"WWTP-2"
2015-09-01,NA,NA,33,NA,7,NA,26,"WWTP-2"
2015-09-07,NA,20,6,NA,8,NA,35,"WWTP-2"
2015-09-11,NA,NA,NA,NA,7,NA,25,"WWTP-2"
2015-09-12,NA,NA,NA,NA,8,NA,52,"WWTP-2"
2015-09-13,NA,NA,45,NA,7,NA,32,"WWTP-2"
2015-09-15,NA,NA,40,NA,7,NA,39,"WWTP-2"
2015-09-17,NA,NA,48,NA,7,NA,49,"WWTP-2"
2015-09-21,NA,20,33,NA,8,NA,39,"WWTP-2"
2015-09-22,NA,NA,46,NA,8,NA,38,"WWTP-2"
2015-09-23,NA,NA,27,NA,NA,NA,NA,"WWTP-2"
2015-09-24,NA,NA,36,NA,8,NA,27,"WWTP-2"
2015-09-25,NA,NA,34,NA,8,NA,56,"WWTP-2"
2015-09-26,NA,NA,8,NA,8,NA,52,"WWTP-2"
2015-09-27,NA,NA,5,NA,8,NA,42,"WWTP-2"
2015-09-28,NA,NA,6,NA,8,NA,53,"WWTP-2"
2015-09-29,NA,NA,NA,NA,8,NA,52,"WWTP-2"
2015-09-30,NA,NA,NA,NA,8,NA,54,"WWTP-2"
2015-10-01,NA,NA,NA,0,8,NA,49,"WWTP-2"
2015-10-02,NA,NA,8,0,7,NA,36,"WWTP-2"
2015-10-03,NA,NA,20,0,8,NA,41,"WWTP-2"
2015-10-04,NA,NA,13,0,8,NA,43,"WWTP-2"
2015-10-05,NA,16,15,0,8,NA,19,"WWTP-2"
2015-10-06,NA,NA,NA,0,7,NA,14,"WWTP-2"
2015-10-07,NA,NA,21,0,7.8,NA,11,"WWTP-2"
2015-10-10,NA,NA,NA,0,8,NA,60,"WWTP-2"
2015-10-11,NA,NA,29,0,NA,NA,37,"WWTP-2"
2015-10-12,NA,10,24,0,7,NA,35,"WWTP-2"
2015-10-13,NA,NA,16,0,7,NA,60,"WWTP-2"
2015-10-14,NA,NA,18,0,7,NA,34,"WWTP-2"
2015-10-15,NA,NA,15,0,7,NA,54,"WWTP-2"
2015-10-16,NA,NA,NA,0,7,NA,51,"WWTP-2"
2015-10-18,NA,NA,5,0,7,NA,60,"WWTP-2"
2015-10-24,NA,NA,NA,0,7,NA,40,"WWTP-2"
2015-10-25,NA,NA,NA,0,8,NA,48,"WWTP-2"
2015-10-26,NA,11,NA,0,8,NA,60,"WWTP-2"
2015-10-30,NA,NA,39,0,7,NA,60,"WWTP-2"
2015-11-02,NA,8,22,0,7,NA,36,"WWTP-2"
2015-11-03,NA,NA,21,0,8,NA,45,"WWTP-2"
2015-11-04,NA,NA,27,0,8,NA,41,"WWTP-2"
2015-11-05,NA,NA,46,0,8,NA,60,"WWTP-2"
2015-11-08,NA,NA,43,0,7,NA,32,"WWTP-2"
2015-11-09,NA,6,NA,0,8,NA,36,"WWTP-2"
2015-11-10,NA,NA,47,0,8,NA,60,"WWTP-2"
2015-11-12,NA,NA,NA,0,8,NA,42,"WWTP-2"
2015-11-15,NA,NA,NA,0,NA,NA,51,"WWTP-2"
2015-11-22,NA,NA,42,0,8,NA,57,"WWTP-2"
2015-11-23,NA,7,4,0,7,NA,56,"WWTP-2"
2015-11-29,NA,NA,48,0,8,NA,59,"WWTP-2"
2015-11-30,NA,NA,NA,0,8,NA,60,"WWTP-2"
2015-12-01,NA,9,50,0,8,NA,57,"WWTP-2"
2015-12-02,NA,NA,26,0,8,NA,50,"WWTP-2"
2015-12-03,NA,NA,NA,0,9,NA,54,"WWTP-2"
2015-12-10,NA,NA,30,0,8,NA,38,"WWTP-2"
2015-12-11,NA,NA,15,0,8,NA,58,"WWTP-2"
2015-12-12,NA,NA,28,0,8,NA,59,"WWTP-2"
2015-12-13,NA,NA,42,0,8,NA,51,"WWTP-2"
2015-12-14,NA,10,38,0,8,NA,40,"WWTP-2"
2015-12-15,NA,NA,32,0,8,NA,54,"WWTP-2"
2015-12-16,NA,NA,22,0,8,NA,60,"WWTP-2"
2015-12-19,NA,NA,36,0,7,NA,58,"WWTP-2"
2015-12-21,NA,NA,NA,0,8,NA,60,"WWTP-2"
2015-12-30,NA,NA,11,0,7,NA,31,"WWTP-2"
2015-12-31,NA,NA,28,0,7,NA,53,"WWTP-2"
2016-01-01,NA,NA,NA,0,8,0.01,60,"WWTP-2"
2016-01-02,NA,NA,NA,0,8,0.03,11,"WWTP-2"
2016-01-03,NA,NA,NA,0,8,0.01,20,"WWTP-2"
2016-01-04,NA,NA,NA,0,8,0.02,34,"WWTP-2"
2016-01-05,NA,21,17,0,7,0.01,49,"WWTP-2"
2016-01-06,NA,NA,NA,0,7,0.01,43,"WWTP-2"
2016-01-07,NA,NA,NA,0,8,0.02,54,"WWTP-2"
2016-01-08,NA,NA,NA,0,8,0.02,26,"WWTP-2"
2016-01-09,NA,NA,NA,0,8,0.01,23,"WWTP-2"
2016-01-10,NA,NA,NA,0,8,0.01,54,"WWTP-2"
2016-01-11,NA,NA,NA,0,8,0.01,52,"WWTP-2"
2016-01-12,NA,27,25,0,8,0.01,58,"WWTP-2"
2016-01-13,NA,NA,NA,0,8,0.01,54,"WWTP-2"
2016-01-14,NA,NA,NA,0,8,0.01,55,"WWTP-2"
2016-01-15,NA,NA,NA,0,8,0.01,52,"WWTP-2"
2016-01-16,NA,NA,NA,0,8,0.01,25,"WWTP-2"
2016-01-17,NA,NA,NA,0,8,0.01,60,"WWTP-2"
2016-01-19,NA,30,15,0,7,0.02,60,"WWTP-2"
2016-01-20,NA,NA,NA,0,7,0.01,46,"WWTP-2"
2016-01-21,NA,NA,NA,0,7,0.02,48,"WWTP-2"
2016-01-22,NA,NA,NA,0,7,0.02,50,"WWTP-2"
2016-01-23,NA,NA,NA,0,7,0.01,52,"WWTP-2"
2016-01-24,NA,NA,NA,0,8,0.01,54,"WWTP-2"
2016-01-25,NA,NA,NA,0,7,0.01,54,"WWTP-2"
2016-01-26,NA,11,15,0,7,0.02,22,"WWTP-2"
2016-01-27,NA,NA,NA,0,8,0.02,19,"WWTP-2"
2016-01-28,NA,NA,NA,0,8,0.02,23,"WWTP-2"
2016-01-29,NA,NA,NA,0,8,0.01,60,"WWTP-2"
2016-01-30,NA,NA,NA,0,8,0.01,15,"WWTP-2"
2016-01-31,NA,NA,NA,0,8,0.02,29,"WWTP-2"
2016-02-01,NA,23,11,0,8,0.01,46,"WWTP-2"
2016-02-02,NA,NA,NA,0,8,0.01,20,"WWTP-2"
2016-02-03,NA,NA,NA,0,8,0.02,52,"WWTP-2"
2016-02-04,NA,NA,NA,0,8,0.01,27,"WWTP-2"
2016-02-05,NA,NA,NA,0,8,0.01,27,"WWTP-2"
2016-02-06,NA,NA,NA,0,7,0.02,57,"WWTP-2"
2016-02-07,NA,NA,NA,0,7,0.02,16,"WWTP-2"
2016-02-08,NA,9,15,0,7,0.01,45,"WWTP-2"
2016-02-09,NA,NA,NA,0,7,0.01,53,"WWTP-2"
2016-02-15,NA,13,11,0,7,0.02,58,"WWTP-2"
2016-02-16,NA,NA,NA,0,7,0.01,55,"WWTP-2"
2016-02-17,NA,NA,NA,0,8,0.01,60,"WWTP-2"
2016-02-18,NA,NA,NA,0,8,0.01,32,"WWTP-2"
2016-02-19,NA,NA,NA,0,7,0.01,49,"WWTP-2"
2016-02-20,NA,NA,NA,0,7,0.01,35,"WWTP-2"
2016-02-22,NA,5,21,0,7,0.02,49,"WWTP-2"
2016-02-23,NA,NA,NA,0,7,0.01,55,"WWTP-2"
2016-02-24,NA,NA,NA,0,7,0.01,54,"WWTP-2"
2016-02-25,NA,NA,NA,0,7,0.01,53,"WWTP-2"
2016-02-26,NA,NA,NA,0,7,0.01,51,"WWTP-2"
2016-02-27,NA,NA,NA,0,8,0.01,46,"WWTP-2"
2016-02-28,NA,NA,NA,0,8,0.01,20,"WWTP-2"
2016-02-29,NA,10,14,0,7,0.02,30,"WWTP-2"
2016-03-10,NA,NA,NA,0,7,0.01,60,"WWTP-2"
2016-03-11,NA,NA,NA,0,7,0.01,35,"WWTP-2"
2016-03-12,NA,NA,NA,0,7,0.01,38,"WWTP-2"
2016-03-13,NA,NA,NA,0,7,0.01,46,"WWTP-2"
2016-03-15,NA,NA,NA,0,7,0.01,40,"WWTP-2"
2016-03-16,NA,NA,NA,0,7,0.01,55,"WWTP-2"
2016-03-17,NA,NA,NA,0,7,0.01,42,"WWTP-2"
2016-03-18,NA,NA,NA,0,7,0.01,46,"WWTP-2"
2016-03-20,NA,NA,NA,0,7,0.01,34,"WWTP-2"
2016-03-21,NA,19,48,0,7,0.01,52,"WWTP-2"
2016-03-22,NA,NA,NA,0,7,0.01,58,"WWTP-2"
2016-03-23,NA,NA,NA,0,7,0.01,39,"WWTP-2"
2016-03-24,NA,NA,NA,0,7,0.01,25,"WWTP-2"
2016-03-25,NA,NA,NA,0,8,0.01,21,"WWTP-2"
2016-03-26,NA,NA,NA,0,8,0.01,51,"WWTP-2"
2016-03-27,NA,NA,NA,0,8,0.01,49,"WWTP-2"
2016-03-28,NA,11,12,0,8,0.01,43,"WWTP-2"
2016-03-29,NA,NA,NA,0,8,0.02,40,"WWTP-2"
2016-03-30,NA,NA,NA,0,7,0.02,32,"WWTP-2"
2016-03-31,NA,NA,NA,0,7,0.02,36,"WWTP-2"
2016-04-01,NA,NA,NA,NA,7,NA,47,"WWTP-2"
2016-04-02,NA,NA,26,NA,7,NA,40,"WWTP-2"
2016-04-03,NA,NA,21,NA,7,NA,41,"WWTP-2"
2016-04-04,NA,16,NA,NA,7,NA,52,"WWTP-2"
2016-04-05,NA,NA,26,NA,7,NA,5,"WWTP-2"
2016-04-06,NA,NA,NA,NA,8,NA,57,"WWTP-2"
2016-04-07,NA,NA,21,NA,7,NA,59,"WWTP-2"
2016-04-08,NA,NA,26,NA,7,NA,60,"WWTP-2"
2016-04-09,NA,NA,NA,NA,7,NA,34,"WWTP-2"
2016-04-10,NA,NA,NA,NA,7,NA,39,"WWTP-2"
2016-04-11,NA,NA,32,NA,7,NA,26,"WWTP-2"
2016-04-12,NA,NA,28,NA,7,NA,53,"WWTP-2"
2016-04-13,NA,NA,NA,NA,7,NA,55,"WWTP-2"
2016-04-14,NA,NA,31,NA,7,NA,46,"WWTP-2"
2016-04-15,NA,NA,35,NA,7,NA,56,"WWTP-2"
2016-04-16,NA,NA,NA,NA,NA,NA,NA,"WWTP-2"
2016-04-17,NA,NA,NA,NA,7,NA,42,"WWTP-2"
2016-04-18,NA,9,24,NA,7,NA,60,"WWTP-2"
2016-04-19,NA,NA,21,NA,7,NA,57,"WWTP-2"
2016-04-20,NA,NA,15,NA,7,NA,49,"WWTP-2"
2016-04-21,NA,NA,12,NA,7,NA,44,"WWTP-2"
2016-04-22,NA,NA,10,NA,7,NA,53,"WWTP-2"
2016-04-23,NA,NA,12,NA,7,NA,59,"WWTP-2"
2016-04-24,NA,NA,23,NA,7,NA,51,"WWTP-2"
2016-04-25,NA,8,7,NA,7,NA,37,"WWTP-2"
2016-04-26,NA,NA,7,NA,7,NA,39,"WWTP-2"
2016-04-27,NA,NA,12,NA,7,NA,41,"WWTP-2"
2016-04-28,NA,NA,NA,NA,5,NA,54,"WWTP-2"
2016-04-29,NA,NA,16,NA,6,NA,60,"WWTP-2"
2016-04-30,NA,NA,NA,NA,7,NA,36,"WWTP-2"
2016-05-04,NA,NA,2,NA,7,NA,15,"WWTP-2"
2016-05-05,NA,NA,3,NA,NA,NA,NA,"WWTP-2"
2016-05-06,NA,NA,NA,NA,7,NA,14,"WWTP-2"
2016-05-07,NA,NA,22,NA,6,NA,38,"WWTP-2"
2016-05-08,NA,NA,31,NA,7,NA,41,"WWTP-2"
2016-05-09,NA,NA,19,NA,4,NA,22,"WWTP-2"
2016-05-10,NA,NA,23,NA,6,NA,50,"WWTP-2"
2016-05-11,NA,NA,18,NA,8,NA,57,"WWTP-2"
2016-05-12,NA,NA,5,NA,8,NA,23,"WWTP-2"
2016-05-13,NA,NA,NA,NA,8,NA,49,"WWTP-2"
2016-05-14,NA,NA,NA,NA,NA,NA,NA,"WWTP-2"
2016-05-15,NA,NA,NA,NA,7,NA,57,"WWTP-2"
2016-06-05,NA,NA,NA,NA,8,NA,44,"WWTP-2"
2016-06-07,NA,NA,44,NA,8,NA,55,"WWTP-2"
2016-06-08,NA,NA,50,NA,8,NA,60,"WWTP-2"
2016-06-09,NA,NA,34,NA,8,NA,54,"WWTP-2"
2016-06-10,NA,NA,39,NA,8,NA,56,"WWTP-2"
2016-06-11,NA,NA,12,NA,7,NA,50,"WWTP-2"
2016-06-12,NA,NA,NA,NA,7,NA,46,"WWTP-2"
2016-06-13,NA,NA,10,NA,7,NA,12,"WWTP-2"
2016-06-14,NA,NA,NA,NA,7,NA,31,"WWTP-2"
2016-06-15,NA,NA,31,NA,7,NA,36,"WWTP-2"
2016-06-16,NA,14,20,NA,7,NA,9,"WWTP-2"
2016-06-17,NA,NA,17,NA,7,NA,45,"WWTP-2"
2016-06-18,NA,NA,26,NA,7,NA,7,"WWTP-2"
2016-06-19,NA,NA,37,NA,7,NA,55,"WWTP-2"
2016-06-20,NA,4,26,NA,7,NA,60,"WWTP-2"
2016-06-21,NA,NA,38,NA,7,NA,58,"WWTP-2"
2016-06-22,NA,NA,20,NA,7,NA,26,"WWTP-2"
2016-06-23,NA,NA,32,NA,7,NA,34,"WWTP-2"
2016-06-24,NA,NA,26,NA,7,NA,45,"WWTP-2"
2016-06-26,NA,NA,29,NA,7,NA,52,"WWTP-2"
2016-06-28,NA,NA,34,NA,7,NA,42,"WWTP-2"
2016-06-29,NA,NA,46,NA,7,NA,60,"WWTP-2"
2016-07-01,NA,NA,NA,0,7,NA,41,"WWTP-2"
2016-07-02,NA,NA,NA,0,7,NA,25,"WWTP-2"
2016-07-03,NA,NA,10,0,7,NA,31,"WWTP-2"
2016-07-04,NA,6,NA,0,7,NA,31,"WWTP-2"
2016-07-05,NA,NA,12,0,8,NA,21,"WWTP-2"
2016-07-06,NA,NA,16,0,7,NA,22,"WWTP-2"
2016-07-07,NA,NA,6,0,7,NA,22,"WWTP-2"
2016-07-08,NA,NA,25,0,8,NA,20,"WWTP-2"
2016-07-10,NA,NA,14,0,8,NA,52,"WWTP-2"
2016-07-11,NA,12,24,0,7,NA,33,"WWTP-2"
2016-07-12,NA,NA,15,0,7,NA,30,"WWTP-2"
2016-07-13,NA,NA,18,0,7,NA,20,"WWTP-2"
2016-07-14,NA,NA,NA,0,8,NA,11,"WWTP-2"
2016-07-15,NA,NA,18,0,7,NA,19,"WWTP-2"
2016-07-16,NA,NA,21,0,7,NA,14,"WWTP-2"
2016-07-17,NA,NA,33,0,7,NA,29,"WWTP-2"
2016-07-18,NA,NA,39,0,7,NA,31,"WWTP-2"
2016-07-19,NA,NA,33,0,7,NA,25,"WWTP-2"
2016-07-20,NA,NA,36,0,7,NA,25,"WWTP-2"
2016-07-21,NA,NA,14,0,6,NA,12,"WWTP-2"
2016-07-22,NA,NA,NA,0,5,NA,9,"WWTP-2"
2016-07-23,NA,NA,NA,0,5,NA,11,"WWTP-2"
2016-07-24,NA,NA,10,0,6,NA,48,"WWTP-2"
2016-07-25,NA,6,NA,0,6,NA,45,"WWTP-2"
2016-07-26,NA,NA,12,0,7,NA,33,"WWTP-2"
2016-07-27,NA,NA,18,0,8,NA,60,"WWTP-2"
2016-07-29,NA,NA,46,0,7,NA,55,"WWTP-2"
2016-07-30,NA,NA,50,0,7,NA,41,"WWTP-2"
2016-08-05,NA,NA,NA,0,7,NA,13,"WWTP-2"
2016-08-07,NA,NA,48,0,8,NA,28,"WWTP-2"
2016-08-08,NA,NA,NA,0,8,NA,42,"WWTP-2"
2016-08-09,NA,NA,NA,0,8,NA,51,"WWTP-2"
2016-08-10,NA,NA,50,0,7,NA,40,"WWTP-2"
2016-08-11,NA,NA,NA,0,7,NA,51,"WWTP-2"
2016-08-12,NA,NA,NA,0,7,NA,45,"WWTP-2"
2016-08-13,NA,NA,NA,0,8,NA,49,"WWTP-2"
2016-08-14,NA,NA,NA,0,NA,NA,51,"WWTP-2"
2016-08-15,NA,NA,50,0,8,NA,39,"WWTP-2"
2016-08-16,NA,NA,47,0,7,NA,34,"WWTP-2"
2016-08-17,NA,NA,19,0,6,NA,17,"WWTP-2"
2016-08-18,NA,NA,10,0,7,NA,43,"WWTP-2"
2016-08-19,NA,NA,5,0,7,NA,57,"WWTP-2"
2016-08-22,NA,NA,12,0,7,NA,57,"WWTP-2"
2016-08-23,NA,NA,15,0,7,NA,49,"WWTP-2"
2016-08-24,NA,NA,18,0,7,NA,28,"WWTP-2"
2016-08-25,NA,NA,12,0,7,NA,35,"WWTP-2"
2016-08-26,NA,NA,21,0,7,NA,42,"WWTP-2"
2016-08-27,NA,NA,23,0,7,NA,32,"WWTP-2"
2016-08-29,NA,NA,19,0,8,NA,23,"WWTP-2"
2016-08-30,NA,13,21,0,NA,NA,20,"WWTP-2"
2016-08-31,NA,NA,22,0,8,NA,23,"WWTP-2"
2016-09-01,NA,NA,30,0,7,NA,27,"WWTP-2"
2016-09-04,NA,NA,47,0,8,NA,149,"WWTP-2"
2016-09-05,NA,NA,25,0,7,NA,58,"WWTP-2"
2016-09-06,NA,NA,31,0,8,NA,35,"WWTP-2"
2016-09-07,NA,NA,NA,0,7,NA,60,"WWTP-2"
2016-09-08,NA,NA,28,0,7,NA,60,"WWTP-2"
2016-09-09,NA,NA,34,0,7,NA,60,"WWTP-2"
2016-09-10,NA,NA,NA,0,7,NA,48,"WWTP-2"
2016-09-13,NA,15,NA,0,7,NA,58,"WWTP-2"
2016-09-18,NA,NA,23,0,7,NA,28,"WWTP-2"
2016-09-19,NA,24,24,0,7,NA,50,"WWTP-2"
2016-09-24,NA,NA,45,0,8,NA,23,"WWTP-2"
2016-09-29,NA,NA,NA,0,7,NA,23,"WWTP-2"
2016-10-01,NA,NA,91,0,8,0.1,28,"WWTP-2"
2016-10-02,NA,NA,61,2,8,0.1,60,"WWTP-2"
2016-10-03,NA,NA,256,1,8,0.1,27,"WWTP-2"
2016-10-04,NA,NA,128,0,8,0.1,60,"WWTP-2"
2016-10-06,NA,NA,32,0,8,0.1,60,"WWTP-2"
2016-10-07,NA,NA,28,0,8,NA,43,"WWTP-2"
2016-10-08,NA,NA,32,0,8,0.1,47,"WWTP-2"
2016-10-09,NA,NA,78,0,8,0.1,38,"WWTP-2"
2016-10-10,NA,4,82,0,8,0.1,32,"WWTP-2"
2016-10-11,NA,NA,71,0,8,NA,46,"WWTP-2"
2016-10-15,NA,NA,79,0,8,NA,159,"WWTP-2"
2016-10-16,NA,NA,NA,NA,NA,NA,263,"WWTP-2"
2016-10-17,NA,18,NA,0,8,NA,174,"WWTP-2"
2016-10-18,NA,NA,NA,0,8,NA,225,"WWTP-2"
2016-10-19,NA,NA,NA,0,8,NA,235,"WWTP-2"
2016-10-20,NA,NA,68,0,7,NA,225,"WWTP-2"
2016-10-21,NA,NA,99,0,7,NA,218,"WWTP-2"
2016-10-22,NA,NA,108,0,7,NA,218,"WWTP-2"
2016-10-23,NA,NA,117,0,7,NA,254,"WWTP-2"
2016-10-24,NA,32,126,0,8,NA,171,"WWTP-2"
2016-10-25,NA,NA,75,0,8,NA,205,"WWTP-2"
2016-10-26,NA,NA,110,0,8,NA,286,"WWTP-2"
2016-10-27,NA,NA,96,0,8,NA,197,"WWTP-2"
2016-10-28,NA,NA,85,0,9,NA,195,"WWTP-2"
2016-10-29,NA,NA,74,0,8,NA,187,"WWTP-2"
2016-10-30,NA,NA,64,0,7,NA,110,"WWTP-2"
2016-11-05,NA,NA,NA,0,8,NA,47,"WWTP-2"
2016-11-06,NA,NA,16,0,8,NA,33,"WWTP-2"
2016-11-07,NA,NA,19,0,8,NA,40,"WWTP-2"
2016-11-08,NA,NA,12,NA,NA,NA,15,"WWTP-2"
2016-11-11,NA,NA,11,0,7,NA,60,"WWTP-2"
2016-11-12,NA,NA,5,0,7,NA,60,"WWTP-2"
2016-11-13,NA,NA,10,0,8,NA,59,"WWTP-2"
2016-11-14,NA,NA,16,0,7,NA,57,"WWTP-2"
2016-11-15,NA,NA,12,0,8,NA,60,"WWTP-2"
2016-11-16,NA,NA,22,0,7,NA,60,"WWTP-2"
2016-11-19,NA,NA,34,0,8,NA,22,"WWTP-2"
2016-11-23,NA,NA,26,0,8,NA,60,"WWTP-2"
2016-11-24,NA,NA,20,0,7,NA,60,"WWTP-2"
2016-11-25,NA,NA,9,0,6,NA,60,"WWTP-2"
2016-11-26,NA,NA,28,0,6,NA,60,"WWTP-2"
2016-11-27,NA,NA,15,0,8,NA,60,"WWTP-2"
2016-11-28,NA,NA,9,0,8,NA,60,"WWTP-2"
2016-11-29,NA,NA,11,0,8,NA,60,"WWTP-2"
2016-11-30,NA,NA,23,0,8,NA,39,"WWTP-2"
2016-12-01,NA,NA,49,0,7,NA,38,"WWTP-2"
2016-12-02,NA,NA,40,0,7,NA,43,"WWTP-2"
2016-12-03,NA,NA,6,0,7,NA,54,"WWTP-2"
2016-12-04,NA,NA,22,0,6,NA,37,"WWTP-2"
2016-12-06,NA,NA,36,0,8,NA,41,"WWTP-2"
2016-12-07,NA,NA,32,0,7,NA,42,"WWTP-2"
2016-12-08,NA,NA,49,0,7,NA,58,"WWTP-2"
2016-12-10,NA,NA,14,0,7,NA,60,"WWTP-2"
2016-12-11,NA,NA,17,0,7,NA,56,"WWTP-2"
2016-12-13,NA,NA,24,0,7,NA,45,"WWTP-2"
2016-12-15,NA,NA,15,NA,NA,NA,22,"WWTP-2"
2016-12-20,NA,NA,45,0,6,NA,30,"WWTP-2"
2016-12-21,NA,NA,49,0,7,NA,60,"WWTP-2"
2016-12-22,NA,NA,34,0,6,NA,60,"WWTP-2"
2016-12-23,NA,NA,47,0,8,NA,57,"WWTP-2"
2016-12-25,NA,NA,16,0,7,NA,60,"WWTP-2"
2017-01-01,NA,NA,50,NA,7,0.05,60,"WWTP-2"
2017-01-02,NA,NA,50,NA,7,NA,35,"WWTP-2"
2017-01-03,NA,NA,50,NA,7,0.05,58,"WWTP-2"
2017-01-04,NA,25,50,NA,7,0.05,49,"WWTP-2"
2017-01-05,NA,NA,49,NA,7,0.05,42,"WWTP-2"
2017-01-06,NA,NA,50,NA,7,0.05,45,"WWTP-2"
2017-01-07,NA,NA,50,NA,7,0.05,38,"WWTP-2"
2017-01-08,NA,NA,50,NA,7,0.05,47,"WWTP-2"
2017-01-09,NA,NA,50,NA,7,0.05,52,"WWTP-2"
2017-01-10,NA,29,50,NA,7,0.05,58,"WWTP-2"
2017-01-11,NA,NA,28,NA,6,0.05,60,"WWTP-2"
2017-01-12,NA,NA,31,NA,7,0.05,56,"WWTP-2"
2017-01-13,NA,NA,36,NA,7,0.05,60,"WWTP-2"
2017-01-14,NA,NA,35,NA,7,0.05,20,"WWTP-2"
2017-01-15,NA,NA,28,NA,7,0.05,60,"WWTP-2"
2017-01-16,NA,26,44,NA,7,0.05,54,"WWTP-2"
2017-01-17,NA,NA,44,NA,7,0.05,60,"WWTP-2"
2017-01-18,NA,NA,40,NA,7,0.05,48,"WWTP-2"
2017-01-19,NA,NA,43,NA,7,0.05,50,"WWTP-2"
2017-01-20,NA,NA,45,NA,7,0.05,52,"WWTP-2"
2017-01-21,NA,NA,50,NA,7,0.05,48,"WWTP-2"
2017-01-22,NA,NA,50,NA,8,0.05,59,"WWTP-2"
2017-01-23,NA,30,5,NA,7,0.05,60,"WWTP-2"
2017-01-24,NA,NA,50,NA,7,0.05,60,"WWTP-2"
2017-01-25,NA,NA,50,NA,7,0.05,44,"WWTP-2"
2017-01-26,NA,NA,50,NA,7,0.05,36,"WWTP-2"
2017-01-27,NA,NA,17,NA,7,0.05,48,"WWTP-2"
2017-01-28,NA,NA,47,NA,8,0.05,60,"WWTP-2"
2017-01-29,NA,NA,50,NA,8,0.05,50,"WWTP-2"
2017-01-30,NA,18,50,NA,8,0.05,35,"WWTP-2"
2017-01-31,NA,NA,50,NA,7,0.05,60,"WWTP-2"
2017-02-02,NA,NA,50,NA,7,0.05,50,"WWTP-2"
2017-02-03,NA,NA,50,NA,7,0.05,58,"WWTP-2"
2017-02-04,NA,NA,50,NA,7,0.05,60,"WWTP-2"
2017-02-05,NA,NA,40,NA,8,0.05,55,"WWTP-2"
2017-02-06,NA,26,46,NA,7,0.05,52,"WWTP-2"
2017-02-07,NA,NA,33,NA,7,0.05,60,"WWTP-2"
2017-02-08,NA,NA,36,NA,7,0.05,60,"WWTP-2"
2017-02-09,NA,NA,29,NA,7,0.05,60,"WWTP-2"
2017-02-10,NA,NA,49,NA,7,0.05,25,"WWTP-2"
2017-02-11,NA,NA,48,NA,7,0.05,40,"WWTP-2"
2017-02-12,NA,NA,39,NA,7,0.05,36,"WWTP-2"
2017-02-13,NA,NA,39,NA,7,0.05,42,"WWTP-2"
2017-02-14,NA,NA,50,NA,7,0.05,54,"WWTP-2"
2017-02-15,NA,NA,50,NA,7,0.05,58,"WWTP-2"
2017-02-16,NA,NA,43,NA,7,0.05,38,"WWTP-2"
2017-02-17,NA,NA,50,NA,8,0.05,25,"WWTP-2"
2017-02-18,NA,NA,50,NA,7,0.05,54,"WWTP-2"
2017-02-19,NA,NA,49,NA,8,0.05,38,"WWTP-2"
2017-02-20,NA,17,49,NA,8,0.05,33,"WWTP-2"
2017-02-21,NA,NA,52,NA,8,0.05,30,"WWTP-2"
2017-02-22,NA,NA,52,NA,7,0.05,38,"WWTP-2"
2017-02-23,NA,NA,35,NA,7,0.05,51,"WWTP-2"
2017-02-24,NA,NA,33,NA,7,0.05,56,"WWTP-2"
2017-02-25,NA,NA,50,NA,7,0.05,60,"WWTP-2"
2017-02-26,NA,NA,50,NA,8,0.05,42,"WWTP-2"
2017-02-27,NA,30,49,NA,7,0.05,59,"WWTP-2"
2017-02-28,NA,NA,22,NA,8,0.05,60,"WWTP-2"
2017-03-01,NA,NA,38,NA,7,0.05,0,"WWTP-2"
2017-03-02,NA,NA,36,NA,7,0.05,44,"WWTP-2"
2017-03-03,NA,NA,41,NA,7,0.05,52,"WWTP-2"
2017-03-04,NA,NA,44,NA,8,0.05,25,"WWTP-2"
2017-03-05,NA,NA,31,NA,7,0.05,25,"WWTP-2"
2017-03-06,NA,12,29,NA,8,0.05,23,"WWTP-2"
2017-03-07,NA,NA,24,NA,7,0.05,26,"WWTP-2"
2017-03-08,NA,NA,25,NA,7,0.05,60,"WWTP-2"
2017-03-09,NA,NA,33,NA,7,0.05,58,"WWTP-2"
2017-03-10,NA,NA,30,NA,7,0.05,60,"WWTP-2"
2017-03-11,NA,NA,34,NA,7,0.05,37,"WWTP-2"
2017-03-12,NA,NA,30,NA,7,0.05,28,"WWTP-2"
2017-03-13,NA,22,19,NA,7,0.05,60,"WWTP-2"
2017-03-14,NA,NA,4,NA,7,0.05,60,"WWTP-2"
2017-03-15,NA,NA,21,NA,7,0.05,60,"WWTP-2"
2017-03-16,NA,NA,43,NA,7,0.05,60,"WWTP-2"
2017-03-17,NA,NA,50,NA,7,0.05,27,"WWTP-2"
2017-03-18,NA,NA,50,NA,7,0.05,21,"WWTP-2"
2017-03-19,NA,NA,50,NA,7,0.05,60,"WWTP-2"
2017-03-20,NA,26,44,NA,7,0.05,52,"WWTP-2"
2017-03-21,NA,NA,34,NA,7,0.05,60,"WWTP-2"
2017-03-22,NA,NA,46,NA,7,0.05,48,"WWTP-2"
2017-03-23,NA,NA,44,NA,7,0.05,60,"WWTP-2"
2017-03-24,NA,NA,49,NA,7,0.05,60,"WWTP-2"
2017-03-25,NA,NA,50,NA,7,0.05,32,"WWTP-2"
2017-03-26,NA,NA,50,NA,7,0.05,58,"WWTP-2"
2017-03-27,NA,28,38,NA,7,0.05,55,"WWTP-2"
2017-03-28,NA,NA,36,NA,7,0.05,50,"WWTP-2"
2017-03-29,NA,NA,41,NA,7,0.05,60,"WWTP-2"
2017-03-30,NA,NA,44,NA,7,0.05,60,"WWTP-2"
2017-03-31,NA,NA,31,NA,7,0.05,55,"WWTP-2"
2017-04-01,NA,NA,28,5,7,NA,48,"WWTP-2"
2017-04-02,NA,NA,39,0,7,NA,53,"WWTP-2"
2017-04-03,NA,25,14,0,7,NA,50,"WWTP-2"
2017-04-04,NA,NA,9,0,8,NA,56,"WWTP-2"
2017-04-05,NA,NA,7,0,8,NA,38,"WWTP-2"
2017-04-06,NA,NA,10,0,7,NA,57,"WWTP-2"
2017-04-07,NA,NA,14,0,7,NA,46,"WWTP-2"
2017-04-08,NA,NA,18,0,7,NA,47,"WWTP-2"
2017-04-09,NA,NA,26,0,7,NA,48,"WWTP-2"
2017-04-10,NA,28,26,NA,NA,NA,56,"WWTP-2"
2017-04-11,NA,NA,23,0,7,NA,32,"WWTP-2"
2017-04-12,NA,NA,45,0,6,NA,40,"WWTP-2"
2017-04-13,NA,NA,27,0,6,NA,42,"WWTP-2"
2017-04-14,NA,NA,13,0,7,NA,52,"WWTP-2"
2017-04-15,NA,NA,17,0,7,NA,43,"WWTP-2"
2017-04-16,NA,NA,18,0,7,NA,37,"WWTP-2"
2017-04-17,NA,17,13,0,6,NA,34,"WWTP-2"
2017-04-18,NA,NA,4,NA,NA,NA,46,"WWTP-2"
2017-04-19,NA,NA,6,0,7,NA,43,"WWTP-2"
2017-04-20,NA,NA,28,0,7,NA,18,"WWTP-2"
2017-04-21,NA,NA,18,0,7,NA,28,"WWTP-2"
2017-04-22,NA,NA,23,NA,NA,NA,42,"WWTP-2"
2017-04-23,NA,NA,26,NA,NA,NA,44,"WWTP-2"
2017-04-24,NA,20,11,NA,NA,NA,40,"WWTP-2"
2017-04-25,NA,NA,15,NA,NA,NA,44,"WWTP-2"
2017-04-26,NA,NA,18,NA,NA,NA,52,"WWTP-2"
2017-04-27,NA,NA,28,0,7,0.1,44,"WWTP-2"
2017-04-28,NA,NA,22,0,7,NA,24,"WWTP-2"
2017-04-29,NA,NA,20,0,7,NA,7,"WWTP-2"
2017-04-30,NA,NA,25,0,7,NA,35,"WWTP-2"
2017-05-01,NA,NA,49,0,7,NA,29,"WWTP-2"
2017-05-02,NA,NA,48,0,7,NA,28,"WWTP-2"
2017-05-03,NA,14,36,0,7,NA,8,"WWTP-2"
2017-05-04,NA,NA,13,0,7,NA,21,"WWTP-2"
2017-05-05,NA,NA,50,0,7,NA,39,"WWTP-2"
2017-05-06,NA,NA,38,0,7,NA,34,"WWTP-2"
2017-05-07,NA,NA,35,0,7,NA,31,"WWTP-2"
2017-05-08,NA,16,16,0,7,NA,23,"WWTP-2"
2017-05-09,NA,NA,22,0,7,NA,17,"WWTP-2"
2017-05-10,NA,NA,28,0,7,NA,18,"WWTP-2"
2017-05-11,NA,NA,25,0,7,NA,14,"WWTP-2"
2017-05-12,NA,NA,21,0,7,NA,21,"WWTP-2"
2017-05-13,NA,NA,12,0,7,NA,9,"WWTP-2"
2017-05-14,NA,NA,10,0,7,NA,8,"WWTP-2"
2017-05-15,NA,19,11,0,7,NA,32,"WWTP-2"
2017-05-16,NA,NA,9,0,7,NA,25,"WWTP-2"
2017-05-17,NA,NA,9,0,9,NA,37,"WWTP-2"
2017-05-18,NA,NA,11,0,7,NA,41,"WWTP-2"
2017-05-19,NA,NA,13,0,8,NA,29,"WWTP-2"
2017-05-20,NA,NA,19,0,7,NA,19,"WWTP-2"
2017-05-21,NA,NA,34,0,7,NA,30,"WWTP-2"
2017-05-22,NA,18,27,0,7,NA,21,"WWTP-2"
2017-05-23,NA,NA,43,0,7,NA,14,"WWTP-2"
2017-05-24,NA,NA,25,0,7,NA,15,"WWTP-2"
2017-05-25,NA,NA,34,0,7,NA,21,"WWTP-2"
2017-05-26,NA,NA,41,0,7,NA,27,"WWTP-2"
2017-05-27,NA,NA,47,0,7,NA,22,"WWTP-2"
2017-05-28,NA,NA,41,0,7,NA,15,"WWTP-2"
2017-05-29,NA,10,38,0,7,NA,19,"WWTP-2"
2017-05-30,NA,NA,19,0,7,NA,59,"WWTP-2"
2017-05-31,NA,NA,24,0,7,NA,45,"WWTP-2"
2017-06-01,NA,NA,NA,0,7,NA,35,"WWTP-2"
2017-06-02,NA,NA,NA,0,7,NA,29,"WWTP-2"
2017-06-03,NA,NA,NA,0,7,NA,52,"WWTP-2"
2017-06-04,NA,NA,NA,0,7,NA,52,"WWTP-2"
2017-06-05,NA,24,NA,0,7,NA,48,"WWTP-2"
2017-06-06,NA,NA,NA,0,7,NA,44,"WWTP-2"
2017-06-07,NA,NA,NA,0,7,NA,51,"WWTP-2"
2017-06-08,NA,NA,NA,0,7,NA,58,"WWTP-2"
2017-06-09,NA,NA,NA,0,7,NA,60,"WWTP-2"
2017-06-10,NA,NA,NA,0,7,NA,20,"WWTP-2"
2017-06-11,NA,NA,NA,0,7,NA,52,"WWTP-2"
2017-06-12,NA,NA,NA,0,7,NA,50,"WWTP-2"
2017-06-13,NA,27,NA,0,7,NA,53,"WWTP-2"
2017-06-14,NA,NA,NA,0,7,NA,50,"WWTP-2"
2017-06-15,NA,NA,NA,0,7,NA,41,"WWTP-2"
2017-06-16,NA,NA,NA,0,7,NA,55,"WWTP-2"
2017-06-17,NA,NA,NA,0,7,NA,60,"WWTP-2"
2017-06-18,NA,NA,NA,0,7,NA,60,"WWTP-2"
2017-06-19,NA,28,NA,0,7,NA,56,"WWTP-2"
2017-06-20,NA,NA,NA,0,7,NA,52,"WWTP-2"
2017-06-21,NA,NA,NA,0,7,NA,51,"WWTP-2"
2017-06-22,NA,NA,NA,0,7,NA,60,"WWTP-2"
2017-06-23,NA,NA,NA,0,7,NA,58,"WWTP-2"
2017-06-24,NA,NA,NA,0,7,NA,52,"WWTP-2"
2017-06-25,NA,NA,NA,0,7,NA,43,"WWTP-2"
2017-06-26,NA,NA,NA,0,7,NA,49,"WWTP-2"
2017-06-27,NA,NA,NA,0,7,NA,30,"WWTP-2"
2017-06-28,NA,NA,NA,0,7,NA,36,"WWTP-2"
2017-06-29,NA,NA,NA,0,7,NA,35,"WWTP-2"
2017-06-30,NA,NA,NA,0,7,NA,41,"WWTP-2"
2017-07-01,NA,NA,22,1.94,7.36,0.01,42,"WWTP-2"
2017-07-02,NA,NA,15,1.22,6.66,0.01,45,"WWTP-2"
2017-07-03,NA,20,16,0.78,6.7,0.01,40,"WWTP-2"
2017-07-04,NA,NA,21,1.16,6.07,0.01,38,"WWTP-2"
2017-07-05,NA,NA,12,1.74,6.37,0.01,45,"WWTP-2"
2017-07-06,NA,NA,15,3.56,6.27,0.01,43,"WWTP-2"
2017-07-07,NA,NA,14,0.74,7.74,0.01,37,"WWTP-2"
2017-07-08,NA,NA,18,1.8,6.48,0.01,31,"WWTP-2"
2017-07-09,NA,NA,14,1.52,7.57,0.01,40,"WWTP-2"
2017-07-10,NA,10,22,0.93,6.43,0.01,41,"WWTP-2"
2017-07-11,NA,NA,23,1.69,6.17,0.01,45,"WWTP-2"
2017-07-12,NA,NA,25,0.95,6.64,0.01,45,"WWTP-2"
2017-07-13,NA,NA,44,2.7,7.11,0.01,56,"WWTP-2"
2017-07-14,NA,NA,36,1.01,7.68,0.01,46,"WWTP-2"
2017-07-15,NA,NA,18,1.49,6.82,0.01,43,"WWTP-2"
2017-07-16,NA,NA,21,1.7,7.03,0.01,41,"WWTP-2"
2017-07-17,NA,24,27,1.49,6.63,0.01,48,"WWTP-2"
2017-07-18,NA,NA,24,0.47,10.1,0.01,45,"WWTP-2"
2017-07-19,NA,NA,24,0.52,7.44,0.01,44,"WWTP-2"
2017-07-20,NA,NA,21,1.31,6.93,0.01,49,"WWTP-2"
2017-07-21,NA,NA,18,1.62,7.12,0.01,40,"WWTP-2"
2017-07-22,NA,NA,15,5.1,7.68,0.01,48,"WWTP-2"
2017-07-23,NA,NA,NA,2.08,7.82,0.01,39,"WWTP-2"
2017-07-26,NA,NA,17,2.24,7.95,0.025,34,"WWTP-2"
2017-07-27,NA,NA,22,NA,8.23,0.03,35,"WWTP-2"
2017-07-28,NA,NA,28,NA,7.97,0,49,"WWTP-2"
2017-07-29,NA,NA,32,NA,8.17,0.038,47,"WWTP-2"
2017-07-30,NA,NA,26,2.29,8.05,0.01,37,"WWTP-2"
2017-07-31,NA,NA,36,1.88,7.7,0.02,47,"WWTP-2"
2017-08-01,NA,NA,28,2.32,7.23,0.01,43,"WWTP-2"
2017-08-02,NA,NA,35,1.76,7.56,0.04,34,"WWTP-2"
2017-08-03,NA,NA,28,1.79,6.99,0.04,41,"WWTP-2"
2017-08-04,NA,NA,20,2.75,7.25,0.038,36,"WWTP-2"
2017-08-05,NA,NA,18,8.03,7.22,0.03,32,"WWTP-2"
2017-08-06,NA,NA,21,9.86,7.3,0,35,"WWTP-2"
2017-08-08,NA,NA,32,1.19,7.99,0,43,"WWTP-2"
2017-08-09,NA,NA,40,1.17,7.33,0.03,41,"WWTP-2"
2017-08-10,NA,NA,32,1.57,7.81,0.02,42,"WWTP-2"
2017-08-11,NA,NA,24,0.45,7.18,0.002,38,"WWTP-2"
2017-08-12,NA,NA,15,0.59,7.66,0.01,35,"WWTP-2"
2017-08-13,NA,NA,6,0.56,7.81,0,33,"WWTP-2"
2017-08-14,NA,20,7,0.57,8.17,0.018,39,"WWTP-2"
2017-08-15,NA,NA,9,0.46,8.14,0.04,41,"WWTP-2"
2017-08-16,NA,NA,77,1.64,8.26,0.048,40,"WWTP-2"
2017-08-17,NA,NA,9,1.91,8.93,0.01,45,"WWTP-2"
2017-08-18,NA,NA,77,1.53,8.43,0.004,41,"WWTP-2"
2017-08-20,NA,NA,77,0.75,8.24,0.02,33,"WWTP-2"
2017-08-21,NA,NA,5,2.54,8.31,0.039,35,"WWTP-2"
2017-08-22,NA,18,6,2.39,8.26,0.01,35,"WWTP-2"
2017-08-23,NA,NA,7,2.31,8.4,0.042,37,"WWTP-2"
2017-08-24,NA,NA,5,0.71,8.2,0.009,40,"WWTP-2"
2017-08-25,NA,NA,4,0.71,8.16,0.046,35,"WWTP-2"
2017-08-26,NA,NA,6,2.54,7.87,0.034,39,"WWTP-2"
2017-08-28,NA,NA,6,0.76,8.18,0.01,34,"WWTP-2"
2017-08-29,NA,21,5,0,7.8,0.02,41,"WWTP-2"
2017-08-31,NA,NA,5,0.76,6.72,0.02,44,"WWTP-2"
2017-09-01,NA,NA,9,2.52,7.09,0.026,46,"WWTP-2"
2017-09-06,NA,NA,9,7.98,7.09,0.037,55,"WWTP-2"
2017-09-07,NA,NA,13,2.65,7.28,0.042,48,"WWTP-2"
2017-09-08,NA,NA,15,2,6.8,0.02,48,"WWTP-2"
2017-09-09,NA,NA,17,0.9,6.38,0.052,53,"WWTP-2"
2017-09-10,NA,NA,14,0.87,7.09,NA,34,"WWTP-2"
2017-09-11,NA,26,15,1,7.5,0.05,51,"WWTP-2"
2017-09-12,NA,NA,8,2,7.3,0.03,44,"WWTP-2"
2017-09-13,NA,NA,12,1,7.8,NA,51,"WWTP-2"
2017-09-14,NA,NA,9,0,7.1,0.05,42,"WWTP-2"
2017-09-16,NA,NA,9,0,7.7,0.02,44,"WWTP-2"
2017-09-17,NA,NA,17,1,6.4,0.05,53,"WWTP-2"
2017-09-18,NA,21,8,1.32,7.74,0.018,41,"WWTP-2"
2017-09-19,NA,NA,4,0.91,7.41,0.024,36,"WWTP-2"
2017-09-20,NA,NA,5,1.04,7.2,0.032,27,"WWTP-2"
2017-09-21,NA,NA,5,1.47,7.63,0.019,27,"WWTP-2"
2017-09-22,NA,NA,3,1.42,7.7,0.033,26,"WWTP-2"
2017-09-23,NA,NA,5,0.45,8.15,0.025,25,"WWTP-2"
2017-09-30,NA,NA,5,0.76,7.66,0.041,56,"WWTP-2"
